,Serial No.,GRE Score,TOEFL Score,University Rating,SOP,LOR ,CGPA,Research,Admission Points
0,479,327,113,4,4.0,2.77,8.88,1,84.47
1,446,301,92,1,1.85,1.5,7.71,0,45.08
2,336,297,100,1,2.41,1.59,7.89,0,47.42
3,20,303,98,3,3.5,3.0,8.5,0,62.0
4,432,320,94,2,1.38,3.5,8.78,1,73.0
5,112,321,84,4,4.13,4.0,8.68,1,69.0
6,55,306,110,3,3.0,3.5,8.0,0,70.0
7,59,299,112,1,0.97,2.0,6.82,1,40.03
8,123,311,74,4,1.5,0.53,8.36,0,57.0
9,477,298,98,2,2.23,3.73,7.43,0,49.08
10,28,297,112,1,1.52,0.58,7.49,0,
11,99,332,119,4,5.0,4.5,9.24,1,90.0
12,10,276,108,3,4.65,3.0,8.6,0,45.0
13,15,265,109,1,4.6,1.82,7.84,0,47.01
14,139,328,110,2,3.95,3.0,9.15,1,126.0
15,94,301,98,2,2.58,2.64,7.77,0,35.0
16,114,320,110,2,4.0,1.8,8.56,0,72.0
17,305,286,106,2,2.5,2.0,8.43,0,62.0
18,224,272,109,2,3.0,4.0,8.45,0,71.0
19,59,306,101,1,2.41,2.0,9.44,0,39.06
20,83,320,110,5,5.0,4.5,9.22,1,92.0
21,444,293,102,2,2.42,1.74,7.17,0,49.02
22,338,324,74,5,4.19,4.19,8.88,1,87.02
23,416,310,100,3,3.41,2.34,7.76,0,45.93
24,465,298,109,2,2.98,3.56,7.21,0,45.0
25,211,325,107,4,4.5,4.0,9.06,1,79.0
26,443,321,113,4,4.5,4.46,9.16,1,86.5
27,79,311,104,3,2.21,2.78,8.04,0,48.51
28,67,327,105,3,3.0,1.99,9.02,0,61.0
29,86,319,115,4,1.34,0.1,8.66,0,76.0
30,272,299,96,2,1.5,3.39,7.86,0,54.0
31,93,298,98,2,4.0,3.0,8.03,0,34.0
32,63,314,104,3,3.61,3.2,8.4,0,49.51
33,387,302,115,2,3.12,3.5,7.97,0,50.34
34,123,310,93,4,2.44,2.5,8.36,0,57.0
35,468,318,88,5,4.06,5.0,8.78,1,78.0
36,377,293,97,1,0.51,4.96,7.49,0,41.66
37,383,324,97,4,4.47,3.97,9.15,1,82.99
38,28,298,98,2,2.13,2.5,7.5,1,44.0
39,404,302,89,2,2.5,3.05,7.5,0,49.01
40,363,338,115,5,4.45,5.0,9.23,1,91.0
41,18,319,111,3,4.0,3.0,9.65,1,65.0
42,440,296,99,1,3.17,2.22,7.5,0,39.52
43,42,313,106,2,2.5,2.16,8.41,1,51.0
44,23,304,72,5,1.58,5.0,8.14,1,94.0
45,53,334,87,4,4.0,3.0,8.0,1,78.0
46,92,298,114,2,4.39,3.76,7.88,0,36.01
47,335,297,95,1,0.9,4.57,7.88,0,46.18
48,83,320,110,5,5.0,2.87,9.22,1,92.0
49,134,323,112,5,4.07,2.64,8.78,0,79.0
50,160,297,99,1,2.1,2.46,7.7,0,52.5
51,111,295,105,3,2.33,0.59,7.64,0,46.51
52,29,299,99,2,3.19,2.65,8.65,0,46.02
53,379,299,115,2,1.01,2.35,7.59,0,43.62
54,157,269,119,3,2.0,2.5,8.34,0,70.0
55,237,325,114,4,4.0,4.5,9.17,1,85.0
56,160,297,100,1,1.5,2.0,7.9,0,52.0
57,413,307,91,4,2.34,2.0,7.88,1,59.0
58,288,328,107,4,4.0,4.11,9.23,0,89.36
59,49,321,87,3,3.5,5.0,8.85,1,82.0
60,35,331,112,5,1.79,4.44,9.8,1,94.0
61,440,260,105,2,3.55,0.68,8.46,0,66.0
62,375,315,105,2,3.98,2.5,6.45,0,39.0
63,108,338,117,4,3.5,2.92,9.46,1,91.0
64,298,329,114,3,3.28,4.5,9.24,0,87.95
65,498,280,72,5,4.5,5.0,9.56,1,93.0
66,300,305,96,3,4.58,1.12,8.65,0,71.0
67,255,275,94,4,4.0,5.0,8.79,0,127.5
68,255,321,114,4,4.0,5.0,9.12,0,85.0
69,415,321,109,4,3.5,4.0,8.35,1,72.0
70,286,329,115,5,4.16,1.67,6.75,1,90.96
71,1,337,118,4,4.5,1.63,8.51,1,92.0
72,397,325,84,3,3.0,3.5,8.79,1,84.0
73,216,294,116,5,5.0,3.42,9.36,1,93.0
74,329,324,112,4,4.0,3.5,9.35,1,80.0
75,141,329,72,2,4.0,3.0,9.15,1,84.0
76,397,325,107,3,1.5,3.5,9.11,1,84.0
77,41,313,77,1,2.79,3.93,8.08,0,50.63
78,40,299,88,2,3.33,3.05,7.92,0,48.5
79,338,300,78,5,5.0,5.0,9.47,1,94.0
80,447,299,100,2,2.0,2.26,8.55,0,46.52
81,435,306,103,3,1.7,3.0,8.96,0,64.0
82,37,299,110,2,4.21,0.03,7.37,0,64.0
83,69,318,109,3,3.5,3.89,9.22,1,68.0
84,362,334,116,4,4.0,3.5,9.54,1,93.0
85,450,315,101,3,4.63,3.89,9.13,0,79.0
86,149,299,112,1,1.5,2.91,7.53,0,47.54
87,450,313,103,2,2.19,1.81,7.85,0,51.67
88,323,314,102,2,0.51,1.95,8.27,0,72.0
89,419,309,101,3,2.88,2.41,7.57,0,47.6
90,229,318,90,3,4.0,3.5,8.67,0,71.0
91,5,314,103,2,2.0,0.81,8.41,0,65.0
92,205,298,105,3,3.5,4.0,6.68,0,69.0
93,4,314,77,3,0.54,3.05,6.21,1,80.0
94,220,312,100,3,3.5,1.61,8.42,0,74.0
95,142,333,83,2,4.5,3.33,9.46,1,93.37
96,377,294,97,1,2.16,4.48,7.47,0,40.6
97,71,309,115,5,3.66,0.62,9.72,1,94.99
98,473,299,116,4,4.0,4.5,9.48,1,90.0
99,96,304,93,2,2.55,2.78,8.7,0,42.17
100,452,324,113,4,3.96,4.5,9.25,1,89.0
101,269,297,113,4,2.93,0.76,9.14,0,83.0
102,64,315,107,2,4.72,3.0,8.5,1,56.0
103,32,327,89,3,4.0,4.0,8.3,1,74.0
104,327,299,82,3,2.0,2.0,8.02,0,63.0
105,445,264,101,5,1.9,5.0,9.25,1,92.0
106,94,275,113,2,3.1,1.13,7.96,0,38.1
107,382,319,105,3,3.0,4.16,8.67,1,73.0
108,409,297,108,3,2.0,4.0,7.58,1,57.0
109,375,292,97,1,3.22,2.0,7.64,0,49.01
110,395,274,111,4,4.5,4.0,9.23,1,89.0
111,384,300,100,3,3.0,3.5,8.26,0,62.0
112,193,335,117,5,4.79,4.88,9.52,1,93.5
113,174,323,113,4,4.0,4.5,9.23,1,89.0
114,170,311,99,2,2.5,3.0,7.98,0,65.0
115,446,301,102,1,2.32,2.48,7.71,0,45.08
116,380,292,105,2,2.0,2.91,7.83,0,46.06
117,90,316,85,4,0.24,0.23,8.76,1,74.0
118,345,264,115,2,1.5,2.0,7.34,0,47.0
119,420,292,100,3,2.36,2.76,7.48,0,47.08
120,377,297,96,2,0.73,2.3,7.43,0,34.0
121,379,303,71,1,2.1,2.5,7.65,0,56.0
122,178,319,113,3,3.5,2.83,7.46,0,82.0
123,37,321,110,5,4.42,4.82,9.24,1,89.47
124,297,313,98,1,1.63,1.67,7.82,0,50.5
125,426,323,111,5,2.15,5.0,9.86,1,138.0
126,492,297,99,4,2.86,1.99,7.81,0,54.0
127,288,324,97,5,4.63,4.5,9.08,1,89.0
128,59,300,99,1,4.32,2.0,6.8,1,36.0
129,227,306,110,2,3.5,4.0,8.45,0,63.0
130,95,302,111,2,4.43,3.0,7.71,0,42.44
131,186,327,109,4,4.54,2.05,9.11,1,89.0
132,107,313,81,3,2.85,2.71,7.7,0,39.6
133,35,331,114,4,4.4,1.35,9.74,0,90.36
134,119,296,99,2,3.0,3.5,7.28,0,47.0
135,59,299,98,1,3.0,2.0,6.82,1,40.03
136,33,338,100,4,3.0,0.18,9.4,1,91.0
137,89,286,113,2,3.0,2.67,7.77,1,66.0
138,172,334,113,5,4.0,4.5,6.58,1,89.0
139,414,317,89,3,3.0,2.0,7.94,1,49.0
140,292,313,94,1,1.13,3.47,7.86,0,50.5
141,271,306,105,2,2.5,2.49,8.22,1,72.0
142,228,312,110,2,3.5,3.55,8.53,0,64.0
143,469,323,110,4,4.0,5.0,8.88,1,81.0
144,331,298,96,1,2.4,4.72,9.34,0,46.03
145,441,305,95,2,2.5,1.5,7.79,0,53.0
146,366,330,88,4,4.5,3.0,8.12,1,86.0
147,61,309,100,2,3.0,3.0,8.1,0,48.0
148,483,328,118,4,4.0,2.5,8.77,1,83.0
149,490,302,110,3,4.0,4.5,9.69,0,65.0
150,113,312,82,3,3.65,3.5,8.34,1,62.0
151,80,294,93,1,1.51,2.15,7.37,0,41.07
152,193,287,114,5,1.45,1.56,8.94,1,86.0
153,261,327,84,5,5.0,3.5,9.13,1,87.0
154,416,316,71,3,4.1,2.0,7.77,0,50.5
155,453,258,116,4,4.98,3.5,9.6,1,93.0
156,52,312,70,2,1.5,2.69,7.36,1,56.0
157,58,270,96,2,4.0,2.0,9.21,0,46.0
158,309,312,108,3,2.55,3.0,8.53,0,69.0
159,118,290,104,4,0.89,2.5,7.46,0,45.0
160,466,305,96,4,4.07,4.5,8.26,0,54.0
161,87,315,106,3,4.5,0.29,8.42,0,72.0
162,139,326,116,2,4.5,2.12,6.55,1,80.0
163,38,307,108,2,3.97,3.47,7.75,0,46.51
164,438,317,106,1,1.5,3.5,7.65,1,61.0
165,233,312,107,2,2.5,3.5,8.27,0,69.0
166,85,340,115,5,4.5,4.5,9.45,1,
167,214,331,84,4,4.56,4.94,8.82,1,94.99
168,59,302,99,1,4.56,2.28,7.16,0,42.17
169,426,323,111,5,4.0,5.0,9.5,1,92.0
170,468,318,117,5,0.1,5.0,8.78,1,78.0
171,134,323,112,5,4.0,4.5,8.78,0,79.0
172,203,286,79,5,2.05,4.5,7.82,1,97.0
173,60,311,104,2,3.62,2.0,8.3,0,42.0
174,199,293,94,3,4.5,4.5,8.43,0,70.0
175,101,322,107,3,3.5,0.94,8.46,1,71.0
176,29,295,74,1,2.0,2.63,8.41,0,46.0
177,76,315,70,4,3.49,4.13,9.09,1,87.82
178,318,289,69,1,1.0,4.03,8.01,0,58.0
179,143,331,89,5,4.0,3.12,9.44,1,92.0
180,42,312,107,2,2.7,4.48,8.4,1,49.51
181,449,312,95,2,2.5,4.0,8.01,0,
182,99,332,119,4,4.02,3.6,8.19,1,90.0
183,480,325,110,4,2.9,4.0,8.96,1,79.0
184,316,308,104,2,1.6,3.0,8.07,0,65.0
185,182,305,107,2,2.5,2.5,8.42,0,71.0
186,171,312,91,2,2.5,3.5,8.04,1,68.0
187,135,333,101,5,1.73,1.58,9.28,1,89.0
188,206,295,89,2,2.5,2.08,7.65,0,57.0
189,189,331,115,5,4.5,3.5,7.13,1,93.0
190,106,316,96,3,1.77,2.52,6.99,1,69.0
191,359,314,101,2,1.23,2.0,9.37,0,70.0
192,416,310,96,3,2.08,2.34,7.76,0,45.93
193,23,328,116,5,0.88,5.0,9.5,1,94.0
194,93,298,70,2,1.74,3.0,8.03,0,40.1
195,46,322,110,5,5.0,4.0,9.1,1,88.0
196,272,299,113,2,1.5,3.99,7.86,0,54.0
197,347,303,83,1,3.73,1.24,7.36,0,45.98
198,62,307,101,3,4.0,3.0,8.2,0,47.0
199,484,304,80,5,5.0,3.0,7.92,0,71.0
200,387,301,100,2,2.42,3.4,7.95,0,49.04
201,320,327,113,4,3.5,1.81,8.69,1,80.0
202,185,316,70,2,2.5,3.56,8.32,0,72.0
203,29,295,93,1,2.0,2.0,7.2,0,46.0
204,420,302,100,3,2.22,2.82,7.47,0,47.06
205,72,336,112,5,4.82,2.99,9.76,1,96.0
206,265,325,110,2,3.0,2.5,8.76,1,75.0
207,375,315,118,2,2.0,2.5,7.65,0,39.0
208,488,306,119,3,2.43,4.1,7.67,0,45.09
209,279,308,120,2,3.0,0.97,8.49,0,66.0
210,389,296,97,2,4.46,2.0,7.8,0,49.0
211,28,298,98,2,1.5,3.19,7.5,1,44.0
212,15,300,72,1,2.36,1.82,9.5,0,
213,417,315,104,3,3.26,2.5,6.96,0,65.0
214,290,283,115,3,4.0,2.35,9.0,0,79.0
215,79,295,98,1,1.72,2.0,7.51,0,45.0
216,173,305,110,4,4.0,3.59,9.13,1,86.0
217,119,296,99,2,3.0,3.5,7.28,0,47.0
218,394,290,109,3,3.53,3.5,9.12,1,126.0
219,211,257,108,4,4.63,3.39,7.99,1,79.0
220,441,305,114,2,4.79,1.5,7.79,0,53.0
221,383,324,110,4,4.5,4.0,9.15,1,82.0
222,79,295,112,1,2.72,2.0,7.51,0,45.0
223,439,318,110,1,2.5,3.5,8.54,1,67.0
224,447,327,92,4,2.85,5.0,9.67,1,93.0
225,24,335,109,5,4.42,3.92,9.76,1,95.99
226,60,310,78,2,3.02,1.55,8.29,0,44.52
227,294,312,98,1,3.5,2.22,8.18,1,64.0
228,3,316,116,3,1.78,3.5,8.0,1,72.0
229,468,318,106,5,1.67,5.0,6.88,1,78.0
230,404,330,93,4,4.0,1.25,9.23,1,91.0
231,375,308,113,2,2.0,2.5,7.73,0,38.5
232,95,302,99,3,2.14,0.49,7.89,0,38.08
233,72,263,73,5,5.0,5.0,9.76,1,96.0
234,286,331,116,5,4.0,4.0,9.26,1,93.0
235,480,325,116,4,4.5,4.0,8.96,1,
236,406,287,100,3,2.5,3.0,7.45,0,52.0
237,212,328,110,4,5.0,4.0,9.14,1,82.0
238,188,335,110,5,4.8,4.01,9.44,1,93.0
239,153,299,78,1,4.69,3.0,7.53,0,50.51
240,59,309,84,1,3.03,4.26,8.15,0,39.18
241,493,294,70,4,2.37,4.5,7.69,1,53.0
242,140,276,108,1,3.5,3.5,9.12,0,78.0
243,388,302,101,2,4.88,2.88,8.36,0,51.01
244,149,339,116,4,0.25,3.5,9.8,1,96.0
245,387,314,98,1,1.86,2.54,7.84,0,47.9
246,33,291,93,4,3.0,3.94,9.4,1,91.0
247,9,306,93,1,2.05,1.81,8.12,0,47.51
248,97,288,100,2,3.0,2.67,8.0,0,
249,372,295,94,1,1.99,2.0,7.77,0,49.01
250,179,309,112,3,1.15,3.0,6.91,0,72.0
251,109,331,109,5,5.0,3.23,6.73,1,93.0
252,301,309,106,2,1.38,2.41,8.0,0,62.0
253,370,301,106,1,2.0,3.0,9.11,1,67.0
254,457,269,100,2,2.0,2.0,7.88,0,51.0
255,42,316,90,2,3.5,2.5,9.57,1,49.0
256,387,302,101,2,2.5,0.91,7.7,0,46.0
257,2,304,107,4,1.28,4.5,8.87,1,76.0
258,248,311,105,2,4.69,2.34,8.48,0,71.0
259,474,316,117,2,4.0,3.5,8.15,0,67.0
260,299,330,114,3,4.5,4.5,9.24,1,90.0
261,94,301,97,2,2.85,2.93,7.85,0,40.36
262,49,321,110,3,3.5,5.0,8.85,1,82.0
263,283,312,106,3,4.0,3.5,8.79,1,81.0
264,258,324,115,3,4.0,0.75,8.64,1,78.0
265,332,298,96,2,2.34,1.58,7.85,0,45.01
266,152,332,116,5,3.01,5.0,6.9,1,141.0
267,456,299,100,2,4.92,1.99,7.88,0,52.0
268,347,303,100,1,4.27,0.22,7.63,0,
269,53,334,84,4,4.0,3.98,8.0,1,78.0
270,2,309,107,4,4.0,4.5,8.87,1,76.0
271,55,322,110,3,1.35,3.5,8.0,0,70.0
272,433,324,112,4,4.5,4.0,9.22,1,86.0
273,122,290,103,3,1.95,2.45,7.5,0,48.52
274,232,263,117,3,3.5,2.5,8.33,1,74.0
275,224,308,77,2,3.0,4.0,8.45,0,71.0
276,107,290,92,4,4.5,4.5,9.18,1,87.0
277,130,263,95,5,5.0,5.0,9.35,1,92.0
278,433,260,89,4,4.5,4.0,8.65,1,86.0
279,78,288,74,2,2.87,2.49,8.22,0,64.0
280,460,329,106,4,1.6,3.5,8.27,1,89.0
281,216,330,74,5,5.0,4.5,9.36,1,93.0
282,290,306,104,3,4.0,3.5,9.0,0,79.0
283,92,299,97,2,3.87,3.5,7.66,0,41.06
284,346,304,104,1,1.5,2.0,7.63,0,47.5
285,355,303,98,2,2.5,3.0,7.67,0,59.0
286,56,320,103,3,3.0,3.16,7.39,0,64.0
287,59,278,119,1,3.41,3.61,6.8,1,36.0
288,492,297,117,4,3.0,3.5,7.81,0,54.0
289,422,321,81,3,1.68,4.5,6.77,1,77.0
290,409,297,112,3,1.99,4.0,7.67,1,57.0
291,280,304,96,2,0.54,4.0,8.73,0,67.0
292,346,300,96,2,1.5,2.0,7.52,0,70.5
293,79,293,93,1,1.19,2.0,7.43,0,45.0
294,225,305,105,2,1.67,0.61,8.23,0,67.0
295,303,322,99,2,1.22,2.34,8.45,1,65.0
296,178,329,118,4,4.5,2.05,8.25,1,91.48
297,219,274,110,4,0.44,3.5,8.97,1,84.0
298,437,310,110,1,1.5,4.0,7.23,1,58.0
299,342,297,94,1,2.34,1.66,7.89,0,47.06
300,189,331,115,5,4.5,3.7,9.38,1,93.5
301,15,276,104,3,3.5,3.38,7.97,1,61.0
302,416,316,116,3,3.32,4.05,7.77,0,50.5
303,376,298,100,1,1.81,2.31,8.24,0,42.58
304,373,336,119,4,4.5,4.0,9.62,1,95.0
305,296,317,100,2,3.0,2.5,8.57,0,68.0
306,365,313,102,3,1.65,4.0,8.9,1,77.0
307,421,299,98,3,2.0,1.7,7.42,0,42.0
308,372,295,108,1,1.83,2.0,7.77,0,49.01
309,100,271,113,3,4.0,4.3,8.88,1,79.0
310,224,290,70,2,3.0,4.0,8.45,0,71.0
311,403,299,109,3,3.5,3.0,8.94,1,78.0
312,378,312,97,2,2.0,2.76,9.69,0,49.27
313,486,311,101,2,2.5,3.5,8.34,1,70.0
314,408,287,112,3,2.5,4.0,8.33,1,58.0
315,488,327,115,4,3.87,4.0,8.64,0,79.0
316,334,319,114,3,2.9,3.94,8.54,1,71.0
317,69,318,107,3,3.5,4.0,9.22,1,68.0
318,107,330,111,4,4.37,4.5,9.22,1,88.96
319,400,333,117,4,5.0,4.0,9.66,1,95.0
320,315,305,105,2,3.0,4.0,8.13,0,66.0
321,58,299,99,2,3.03,2.17,8.3,0,46.5
322,79,302,98,2,2.62,2.38,7.72,1,47.24
323,95,302,89,3,2.16,2.72,7.86,0,43.0
324,398,330,108,4,5.0,2.46,6.47,1,91.0
325,133,309,117,5,2.72,3.63,8.56,0,71.0
326,79,294,93,1,2.07,2.0,7.43,0,45.0
327,377,297,96,2,2.5,2.0,9.26,0,34.0
328,424,330,95,5,4.63,5.0,9.51,1,92.48
329,144,312,114,4,4.5,2.75,9.92,1,97.0
330,285,340,112,4,5.0,4.5,8.22,1,94.0
331,347,303,100,1,1.37,1.75,7.34,0,
332,59,309,73,1,0.23,0.33,6.13,0,39.02
333,363,338,76,5,4.5,5.0,9.23,1,91.0
334,38,295,105,1,1.0,2.0,8.01,0,58.0
335,459,312,77,1,0.27,3.0,8.53,1,69.0
336,43,313,107,2,0.86,0.0,8.5,1,53.0
337,245,314,116,2,2.5,4.0,8.56,0,63.0
338,345,295,119,2,1.5,2.0,7.34,0,47.0
339,96,304,100,4,1.5,2.5,7.84,0,42.0
340,391,314,81,2,2.0,2.5,8.24,0,64.0
341,58,299,99,2,4.0,2.17,7.7,0,46.5
342,152,332,116,5,3.18,5.0,9.28,1,94.0
343,396,324,110,3,0.05,4.19,9.04,1,82.0
344,139,326,98,2,4.5,3.0,9.08,1,80.0
345,23,290,116,5,5.0,3.48,7.28,1,94.0
346,310,308,110,4,3.5,3.17,7.69,0,70.0
347,362,334,116,4,4.0,3.22,9.74,1,93.0
348,59,300,99,1,3.0,2.0,6.8,1,36.0
349,405,311,69,3,2.0,2.5,7.64,1,62.0
350,172,270,75,4,4.09,0.92,9.09,1,89.5
351,445,326,114,5,4.3,5.0,9.15,1,91.5
352,57,285,114,3,2.0,3.0,7.4,0,64.0
353,215,311,117,4,0.21,2.62,8.26,1,94.0
354,415,321,110,4,1.84,0.67,9.88,1,72.0
355,421,290,119,3,2.0,3.0,7.42,0,42.0
356,430,340,87,5,0.18,4.5,9.06,1,95.0
357,347,303,96,1,1.48,0.01,7.07,0,44.67
358,141,329,110,2,4.0,1.12,9.15,1,84.0
359,92,299,97,3,4.63,3.38,7.66,0,
360,417,315,104,3,3.95,4.32,8.1,0,65.0
361,379,277,97,2,2.5,2.36,7.56,0,40.14
362,175,320,111,4,4.31,3.69,7.53,1,
363,395,329,114,4,4.5,4.0,9.23,1,89.0
364,330,297,94,1,1.12,4.9,7.41,0,45.53
365,259,314,116,4,0.67,4.18,8.76,1,77.0
366,438,317,71,1,4.15,3.5,7.65,1,61.0
367,477,298,104,3,2.5,4.75,8.12,0,62.0
368,292,300,98,1,1.13,3.45,7.86,0,50.5
369,115,311,89,3,1.56,3.0,8.45,1,59.0
370,242,290,103,2,2.5,4.38,8.15,0,
371,132,311,95,2,1.46,2.22,7.87,0,47.03
372,331,327,84,3,3.5,3.0,8.66,1,80.0
373,416,316,102,3,0.18,2.0,9.78,0,50.5
374,57,316,102,3,2.0,0.76,7.4,0,
375,111,271,102,3,2.2,1.42,7.61,0,45.01
376,412,259,79,2,2.5,0.03,8.13,0,56.0
377,436,309,107,2,2.5,0.76,7.68,0,55.0
378,376,300,103,2,2.23,0.81,7.55,0,36.02
379,234,304,89,2,1.17,3.5,7.54,0,64.0
380,357,327,76,3,3.5,4.0,8.77,1,79.0
381,98,331,120,3,4.0,1.14,8.96,1,86.0
382,499,312,103,4,4.0,0.05,8.43,0,73.0
383,30,310,110,2,2.96,3.15,7.3,0,54.0
384,36,320,110,5,0.4,0.11,9.2,1,
385,93,286,97,3,3.93,3.19,7.72,0,40.04
386,423,322,112,4,3.5,2.53,9.02,1,73.0
387,151,334,101,4,4.0,4.0,9.82,1,93.0
388,346,304,119,2,0.3,2.0,7.52,0,70.5
389,330,297,96,1,2.46,1.52,7.87,0,46.03
390,93,300,97,2,3.21,3.05,7.86,0,41.03
391,35,331,108,5,4.45,5.0,9.8,1,94.0
392,335,312,107,4,4.5,4.0,8.82,1,73.0
393,45,326,113,5,4.5,4.7,8.7,1,91.0
394,346,316,118,1,1.5,2.0,7.43,0,49.0
395,56,309,101,2,2.88,2.76,8.05,0,50.54
396,59,302,99,2,3.59,0.31,7.8,0,47.02
397,59,309,110,1,2.14,2.0,9.18,0,39.02
398,72,336,112,5,5.0,5.0,9.76,1,96.0
399,354,300,108,3,3.5,2.5,8.17,0,63.0
400,145,325,112,2,3.0,3.5,8.96,1,80.0
401,299,330,114,3,4.5,4.5,9.24,1,90.0
402,155,269,80,3,3.0,3.5,8.89,0,80.0
403,190,322,110,4,4.26,3.76,8.42,1,86.9
404,59,265,119,1,2.18,0.78,8.28,0,41.59
405,84,322,115,5,4.0,4.16,9.36,1,92.0
406,384,299,100,1,2.25,3.32,9.34,0,46.5
407,495,301,99,3,2.5,2.0,8.45,1,68.0
408,143,276,115,5,4.0,3.5,9.44,1,92.0
409,493,257,101,4,2.5,4.5,7.69,1,53.0
410,146,339,118,4,4.25,3.75,9.86,1,
411,432,320,108,2,1.16,3.5,8.16,1,73.0
412,94,301,100,2,3.29,3.88,7.77,0,35.0
413,418,316,81,3,3.5,2.5,7.68,0,52.0
414,74,314,100,4,4.5,4.0,9.04,1,84.0
415,500,327,113,4,2.76,4.41,9.04,0,84.0
416,143,337,104,3,4.5,2.67,9.74,1,93.37
417,41,308,86,3,2.1,3.0,8.0,1,46.0
418,230,324,111,4,2.64,1.4,9.01,1,82.0
419,76,329,114,2,2.0,4.0,8.56,1,72.0
420,270,327,113,4,4.59,3.09,9.19,0,85.9
421,281,334,113,4,4.83,4.5,9.56,1,91.43
422,248,271,108,2,2.5,3.5,8.48,0,71.0
423,382,319,105,3,3.0,3.5,8.67,1,73.0
424,217,322,112,4,4.5,2.21,9.26,1,91.0
425,378,267,82,1,1.5,2.0,7.56,0,47.0
426,187,317,77,3,0.39,3.0,8.68,1,84.0
427,435,306,70,3,3.5,3.0,8.21,0,64.0
428,313,311,107,4,1.05,4.5,9.0,1,78.0
429,9,302,114,1,2.0,1.5,8.0,0,50.0
430,472,298,98,2,2.13,3.38,7.33,0,49.05
431,442,332,112,1,1.5,3.0,8.66,1,79.0
432,36,304,106,2,2.86,2.84,7.84,1,45.01
433,194,336,107,5,3.13,2.28,9.53,1,94.0
434,237,325,112,4,4.0,4.5,9.17,1,85.0
435,238,261,114,5,4.5,1.2,9.19,1,86.0
436,79,294,93,1,2.11,2.0,7.43,0,45.0
437,305,265,108,2,2.5,4.01,8.43,0,62.0
438,444,303,118,2,3.5,1.74,7.7,0,49.02
439,387,300,73,2,2.31,3.22,7.66,0,47.8
440,446,328,116,5,1.4,5.0,9.08,1,91.0
441,338,332,118,5,5.0,5.0,8.47,1,
442,465,298,72,2,0.59,3.0,7.21,0,45.0
443,146,320,113,2,2.0,2.12,8.64,1,81.0
444,196,307,91,2,3.0,3.5,8.37,1,78.0
445,390,304,76,3,3.5,4.0,8.44,1,76.0
446,118,290,104,4,4.57,2.5,7.46,0,45.0
447,451,323,116,3,4.81,4.51,8.25,1,86.43
448,235,329,95,5,4.99,4.0,9.31,1,89.47
449,94,298,117,2,2.85,2.93,7.85,0,40.36
450,41,311,107,2,3.0,1.42,8.1,1,47.51
451,244,325,105,3,2.65,0.72,9.04,1,76.0
452,402,315,73,2,1.98,3.63,8.34,0,66.0
453,106,316,96,3,4.0,3.22,6.26,1,
454,276,265,82,3,3.5,2.75,8.96,1,78.0
455,235,330,71,5,5.0,4.0,9.31,1,91.0
456,42,313,101,2,2.5,2.16,8.41,1,51.0
457,478,309,105,4,3.5,2.0,8.18,0,65.0
458,60,286,99,2,3.99,3.19,8.09,0,47.0
459,41,310,101,2,3.25,2.92,8.05,1,47.5
460,84,308,94,3,1.63,2.86,7.92,0,43.05
461,109,331,116,5,5.0,5.0,9.38,1,93.0
462,92,299,97,3,0.21,3.4,7.66,0,37.0
463,286,274,94,5,4.0,3.97,8.1,1,93.0
464,472,311,117,3,1.59,4.0,9.65,0,64.0
465,470,320,116,4,4.0,3.98,9.26,1,86.5
466,60,299,99,2,4.08,2.98,8.09,0,47.0
467,445,301,101,1,2.35,3.59,7.71,0,46.97
468,135,333,113,5,4.0,0.88,7.19,1,89.0
469,292,300,73,2,3.67,2.0,7.87,0,56.0
470,151,298,114,4,2.75,4.0,9.43,1,93.0
471,79,273,88,1,2.29,1.71,7.45,0,45.0
472,354,279,70,3,3.5,2.5,8.17,0,63.0
473,371,300,95,1,2.0,2.2,7.79,0,44.55
474,427,312,106,3,3.0,1.31,8.57,0,
475,352,325,110,4,3.86,4.0,8.67,1,73.0
476,95,277,74,2,3.74,3.19,7.87,0,43.06
477,163,318,109,3,3.0,3.0,8.5,0,67.0
478,79,296,95,2,3.0,2.0,7.54,1,44.0
479,403,307,101,3,3.5,0.26,8.94,1,78.0
480,342,297,110,1,2.34,0.98,7.89,0,47.06
481,285,340,100,4,5.0,0.14,7.53,1,94.0
482,237,326,81,4,4.14,1.83,9.34,1,85.5
483,9,285,102,1,2.0,1.5,8.0,0,
484,377,293,97,1,2.01,1.83,7.49,0,41.66
485,195,316,109,3,3.5,3.0,8.31,0,77.0
486,475,308,108,4,4.36,3.42,7.95,1,67.0
487,95,303,83,3,0.27,2.5,7.83,0,39.03
488,119,296,99,2,3.0,3.5,7.28,0,47.0
489,326,326,77,3,3.5,4.0,9.14,1,81.0
490,50,327,111,4,3.0,4.0,8.4,1,78.0
491,17,317,106,3,4.0,3.0,8.7,0,66.0
492,274,290,99,1,2.98,1.5,8.01,1,52.0
493,28,295,93,1,2.0,1.98,7.23,0,48.0
494,58,301,100,2,3.42,2.0,7.8,0,44.02
495,60,310,106,2,1.77,2.37,6.89,0,45.03
496,350,313,105,3,2.5,3.0,6.61,0,62.0
497,24,334,105,5,4.91,4.5,9.7,1,95.0
498,40,311,106,2,3.33,3.05,7.92,0,48.5
499,45,326,99,5,4.5,4.81,9.4,1,91.0
500,271,306,119,2,2.5,3.0,9.26,1,72.0
501,246,328,89,4,4.0,2.5,6.95,1,81.0
502,40,307,108,2,3.38,2.63,9.32,0,
503,301,311,106,2,2.5,2.5,8.0,0,62.0
504,146,320,118,2,2.0,2.32,6.2,1,81.0
505,157,315,105,3,3.7,3.46,8.34,0,70.0
506,270,308,93,4,4.5,0.51,8.34,0,77.0
507,118,288,99,2,2.87,2.29,7.3,0,
508,314,301,112,3,3.5,3.0,8.04,0,67.0
509,475,296,100,2,2.25,3.01,7.74,0,45.09
510,284,285,116,3,2.5,3.0,8.9,1,80.0
511,118,295,99,2,2.97,3.47,8.34,0,46.0
512,70,328,77,4,3.82,4.0,9.16,1,78.0
513,407,322,71,4,4.37,2.5,8.02,1,61.0
514,339,323,108,5,4.0,4.0,8.74,1,81.0
515,467,314,99,4,3.5,4.5,8.11,1,71.0
516,364,306,80,2,3.0,3.0,8.36,0,69.0
517,483,328,110,4,4.63,2.5,6.18,1,83.0
518,321,317,106,3,4.0,3.5,8.5,1,75.0
519,60,305,99,2,1.24,1.06,7.93,0,47.01
520,289,314,104,4,5.0,5.0,9.02,0,82.0
521,71,332,80,5,4.15,3.94,9.64,1,94.0
522,45,326,103,5,4.25,4.99,9.4,1,91.0
523,3,316,104,3,3.0,3.11,8.0,1,72.0
524,11,325,106,3,3.5,4.0,8.4,1,52.0
525,372,324,96,3,3.5,3.0,9.22,1,89.0
526,40,311,108,2,4.0,3.17,7.7,0,48.0
527,11,325,106,3,3.5,3.58,8.4,1,52.0
528,75,336,112,5,4.88,4.88,9.69,1,94.99
529,267,308,114,4,2.3,4.89,9.18,0,
530,347,257,107,1,1.02,1.03,7.06,0,44.51
531,65,285,101,3,3.0,3.5,8.7,0,52.0
532,423,257,84,2,2.0,2.91,7.45,0,47.29
533,231,292,117,3,4.0,4.5,8.65,0,73.0
534,160,297,119,1,1.5,2.16,8.47,0,52.5
535,417,315,104,3,4.0,3.76,8.1,0,65.0
536,361,321,102,2,4.5,1.74,8.56,0,84.81
537,457,291,108,2,2.0,2.0,7.88,0,51.0
538,206,295,99,2,2.5,3.0,7.65,0,57.0
539,329,324,112,4,3.76,3.5,8.77,1,80.0
540,487,319,106,3,2.5,1.63,8.37,0,68.0
541,263,308,102,2,2.5,3.48,7.68,1,70.0
542,393,326,111,4,4.0,3.5,9.12,1,84.0
543,401,331,81,4,4.66,3.83,9.51,1,92.96
544,57,282,112,3,2.0,3.0,7.4,0,64.0
545,346,314,97,1,1.5,1.87,7.45,0,48.02
546,308,290,112,4,0.98,3.71,9.0,1,80.0
547,419,275,106,2,2.5,2.76,8.03,0,60.0
548,347,297,94,1,1.11,1.22,7.34,0,44.52
549,112,263,118,4,4.0,4.0,8.68,1,69.0
550,465,298,80,2,2.0,3.0,7.21,0,45.0
551,162,277,99,1,1.5,4.67,6.55,0,53.0
552,441,305,104,2,2.5,1.5,7.79,0,53.0
553,42,313,106,2,2.5,2.15,8.41,1,51.0
554,360,321,105,2,2.0,2.72,8.16,0,81.0
555,473,327,113,4,4.85,4.5,9.48,1,90.0
556,203,340,89,5,2.11,4.5,9.91,1,97.0
557,132,262,105,5,1.82,0.12,8.65,0,77.0
558,16,314,78,3,3.5,4.62,8.3,0,54.0
559,440,312,117,2,0.12,4.22,8.46,0,66.0
560,28,298,98,1,1.53,1.09,7.6,0,
561,477,304,104,3,3.71,2.0,8.12,0,62.0
562,42,315,105,2,2.5,2.36,8.28,1,51.02
563,337,319,76,3,3.0,2.5,6.24,0,72.0
564,446,328,102,5,4.5,0.49,6.54,1,91.0
565,204,334,111,5,0.42,5.0,9.87,1,97.0
566,27,322,84,5,4.5,1.43,8.8,0,76.0
567,388,303,105,2,1.25,3.67,8.1,0,53.0
568,363,338,115,5,4.49,5.0,9.23,1,91.0
569,212,277,96,4,5.0,1.76,9.14,1,82.0
570,400,333,117,4,3.34,4.0,7.32,1,95.0
571,104,300,119,2,4.5,4.87,7.03,0,57.0
572,328,295,70,2,0.3,3.1,7.86,0,69.0
573,61,309,100,2,3.0,1.82,8.1,0,48.0
574,294,289,98,1,2.84,2.77,8.18,1,
575,79,302,77,2,3.0,2.0,7.54,1,44.0
576,392,318,106,3,2.0,3.0,8.65,0,71.0
577,166,258,110,5,4.5,4.0,8.97,0,78.0
578,202,315,110,2,3.5,3.0,6.88,1,72.0
579,444,301,101,1,2.23,1.9,7.77,0,45.96
580,96,305,99,2,1.63,3.12,7.9,0,44.93
581,476,264,101,3,3.5,4.44,7.88,0,59.0
582,451,320,84,4,3.0,4.5,8.86,1,82.0
583,350,313,101,3,2.5,0.22,8.04,0,62.0
584,186,327,99,4,4.5,1.0,9.11,1,89.0
585,107,329,96,4,4.5,4.5,8.39,1,87.0
586,372,324,110,3,3.5,3.0,9.14,1,89.0
587,118,290,104,4,2.0,2.5,7.46,0,45.0
588,14,323,102,2,3.33,3.76,8.36,1,49.55
589,253,318,100,2,2.5,3.5,8.54,1,71.0
590,16,314,105,3,3.5,2.5,8.3,0,54.0
591,95,302,98,3,2.14,2.65,6.26,0,40.39
592,312,262,108,4,1.84,4.0,9.18,1,84.0
593,424,334,75,5,4.5,5.0,9.54,1,94.0
594,131,300,99,2,1.5,0.6,7.64,0,
595,396,324,110,3,3.5,1.68,9.04,1,82.0
596,240,299,100,1,1.5,0.78,6.75,0,59.0
597,391,314,102,2,2.0,4.53,8.24,0,64.0
598,59,278,98,1,3.0,2.31,7.2,0,42.12
599,359,314,113,2,2.5,1.75,7.64,0,70.0
600,438,306,103,2,2.59,1.55,8.35,0,52.5
601,264,324,84,3,4.72,1.5,8.79,1,70.0
602,360,321,107,2,4.59,0.5,8.44,0,81.0
603,173,322,120,4,4.0,0.26,7.59,1,87.47
604,93,300,120,2,3.16,2.87,6.66,0,39.5
605,346,313,97,1,1.5,3.1,7.48,0,48.0
606,404,302,99,2,2.56,3.05,7.5,0,49.01
607,483,279,113,4,4.0,3.3,8.77,1,83.0
608,281,317,108,3,2.84,3.86,9.0,1,84.81
609,259,326,109,4,5.0,5.0,8.76,1,77.0
610,384,279,96,2,1.89,2.0,7.66,0,46.0
611,371,305,98,1,2.64,1.11,8.99,0,45.12
612,213,301,120,4,5.0,5.0,9.66,1,95.0
613,17,317,107,3,4.0,3.59,8.7,0,66.0
614,52,312,100,2,1.5,3.5,7.9,1,56.0
615,486,311,102,2,2.5,2.91,8.61,1,70.0
616,494,265,95,2,3.0,0.73,8.22,1,62.0
617,189,331,114,5,4.5,3.5,9.36,1,93.0
618,131,300,79,2,2.06,2.77,7.64,0,47.54
619,25,279,102,5,4.57,3.44,9.8,1,97.0
620,352,262,110,4,3.5,4.0,8.67,1,73.0
621,472,298,97,2,3.06,3.38,7.33,0,49.05
622,10,292,106,3,3.12,3.77,6.72,0,46.7
623,93,298,110,2,3.98,3.0,8.98,0,41.19
624,4,303,116,4,2.85,3.55,9.45,1,90.99
625,382,305,98,2,2.5,2.89,7.75,0,40.12
626,98,331,102,3,4.0,4.0,8.96,1,86.0
627,375,312,103,2,2.0,4.74,7.65,0,38.5
628,404,330,100,4,4.0,2.86,9.23,1,91.0
629,376,300,98,2,2.44,2.27,7.55,0,36.02
630,197,306,89,2,4.02,2.5,8.26,0,73.0
631,203,337,106,5,4.32,4.68,9.9,1,145.5
632,184,314,116,3,4.0,4.41,8.8,0,75.0
633,347,301,94,1,3.63,3.83,7.35,0,45.53
634,375,287,101,2,2.0,2.5,7.66,0,38.25
635,218,321,109,4,4.0,4.0,9.13,1,85.0
636,425,279,114,5,3.7,5.0,9.46,1,91.0
637,18,319,106,3,4.0,3.0,8.0,1,
638,363,338,87,5,1.72,5.0,9.23,1,91.0
639,62,307,118,3,0.02,2.34,8.4,0,47.0
640,210,301,104,3,3.66,4.0,8.12,1,68.0
641,376,304,101,2,2.06,3.1,7.66,0,38.0
642,496,332,119,5,2.14,0.68,8.97,1,87.0
643,82,258,120,4,5.0,5.0,8.23,1,96.0
644,434,267,111,4,4.0,5.0,8.54,0,71.0
645,398,330,73,4,4.89,4.5,9.45,1,91.0
646,268,314,107,3,4.29,3.5,8.17,1,73.0
647,160,297,100,1,1.62,2.0,7.9,0,52.0
648,387,302,101,2,0.77,3.5,7.3,0,46.0
649,96,267,100,4,1.5,2.5,7.84,0,42.0
650,59,302,107,1,3.48,2.31,7.2,0,42.12
651,133,309,108,5,3.5,4.9,8.56,0,71.0
652,266,313,102,3,2.5,2.5,8.68,0,
653,216,266,104,4,4.52,4.05,9.26,1,91.99
654,312,328,117,4,4.5,4.0,9.18,1,84.0
655,174,321,93,4,4.0,1.94,8.98,1,86.5
656,89,314,108,3,0.4,4.48,8.14,0,64.0
657,384,308,113,2,2.5,2.38,7.52,0,40.82
658,39,304,115,1,3.0,0.79,7.5,0,52.0
659,56,309,101,2,3.81,0.52,8.19,0,50.54
660,350,313,114,3,1.04,3.0,8.04,0,62.0
661,125,301,113,4,2.5,3.0,8.47,0,57.0
662,249,294,113,3,3.5,4.0,8.87,1,80.0
663,41,311,99,2,3.0,2.75,8.1,1,47.51
664,428,323,82,4,4.19,4.61,9.61,1,88.9
665,295,267,93,2,2.5,2.0,8.32,1,61.0
666,262,312,77,3,3.5,4.0,8.09,0,71.0
667,316,327,110,3,4.19,3.83,9.17,1,82.47
668,37,299,110,2,4.0,4.0,8.93,0,64.0
669,301,309,103,2,2.5,2.5,8.0,0,62.0
670,377,304,72,2,2.0,2.59,7.7,0,47.8
671,406,302,99,3,2.71,3.0,7.45,0,52.0
672,92,298,97,2,4.58,4.29,7.71,0,36.5
673,357,327,102,3,3.5,0.18,8.77,1,79.0
674,203,340,120,5,0.03,4.5,9.91,1,97.0
675,184,314,78,3,4.0,4.0,8.8,0,75.0
676,240,299,100,1,4.37,2.0,7.89,0,59.0
677,148,326,114,3,3.0,4.77,9.11,1,83.0
678,191,323,111,5,4.5,4.2,9.13,1,87.95
679,313,311,113,4,4.5,4.5,9.0,1,78.0
680,120,327,104,5,3.0,3.5,8.84,1,71.0
681,42,316,92,2,2.5,1.52,8.2,1,49.0
682,331,298,104,1,2.4,1.55,9.76,0,46.03
683,36,302,71,1,2.49,1.5,7.5,0,48.11
684,93,296,97,2,3.7,3.0,7.99,0,
685,375,282,113,2,2.56,2.5,7.65,0,39.0
686,454,298,69,3,2.5,2.49,8.76,1,73.0
687,111,305,108,5,3.8,3.0,8.48,0,61.0
688,244,325,86,3,3.5,3.0,8.02,1,
689,28,297,97,1,0.78,1.11,7.49,0,45.01
690,417,316,102,3,2.68,3.96,7.72,0,50.51
691,80,294,93,1,1.5,4.42,7.36,0,46.0
692,9,302,102,1,0.9,1.5,8.0,0,50.0
693,320,327,113,4,3.5,4.94,8.69,1,80.0
694,389,296,97,2,1.5,2.0,7.8,0,49.0
695,143,331,115,5,4.0,1.07,9.44,1,138.0
696,450,315,101,3,3.5,1.73,9.12,0,79.0
697,411,301,96,1,4.3,4.0,7.56,0,54.0
698,131,339,114,5,4.0,2.27,9.76,1,96.0
699,368,264,90,1,3.48,2.5,6.19,0,57.0
700,14,320,108,2,2.07,3.08,8.46,0,46.51
701,346,313,114,1,4.8,2.0,7.47,0,48.5
702,385,340,113,4,5.0,5.0,9.74,1,96.0
703,201,317,103,3,2.5,3.0,8.54,1,73.0
704,141,331,114,5,4.21,3.18,9.41,1,90.48
705,66,274,112,4,1.98,0.14,9.51,0,55.0
706,339,323,104,5,4.0,4.0,8.74,1,81.0
707,215,330,116,4,4.59,4.91,9.41,1,93.5
708,40,307,108,2,4.0,3.5,7.7,0,48.0
709,375,292,91,1,1.63,2.0,7.64,0,49.01
710,273,294,117,1,1.5,2.21,7.64,0,
711,441,304,103,1,2.48,3.48,7.78,0,45.41
712,383,324,110,4,4.5,4.0,8.67,1,
713,352,325,100,4,0.51,4.02,8.67,1,73.0
714,239,310,72,3,2.0,3.74,8.37,0,70.0
715,252,316,90,2,2.5,3.0,9.0,0,70.0
716,192,291,106,5,4.0,5.0,8.98,1,130.5
717,71,265,95,5,5.0,2.86,9.64,1,94.0
718,479,285,103,3,4.0,1.18,8.49,1,71.0
719,62,307,101,3,2.97,4.63,8.2,0,47.0
720,11,282,105,3,3.5,2.96,8.4,1,52.0
721,40,307,109,2,1.87,4.75,7.93,0,47.0
722,338,300,103,5,5.0,5.0,9.47,1,94.0
723,213,338,120,4,3.5,5.0,9.66,1,95.0
724,189,275,113,5,1.93,3.5,9.36,1,93.0
725,94,301,97,2,2.21,4.86,7.8,1,
726,360,321,100,2,2.0,1.68,8.44,0,81.0
727,153,264,112,5,5.0,4.21,9.06,1,86.0
728,361,322,110,3,4.0,5.0,8.64,1,85.0
729,218,324,107,4,3.16,3.24,8.99,1,
730,317,298,74,2,4.35,2.0,7.86,0,54.0
731,215,308,117,4,4.5,5.0,9.42,1,94.0
732,398,330,116,4,1.18,4.5,9.45,1,91.0
733,417,307,96,3,2.47,2.53,7.66,0,45.53
734,154,288,105,3,3.0,1.56,9.55,0,79.0
735,56,320,109,2,2.8,2.9,8.62,0,52.5
736,317,298,101,2,1.5,2.0,7.86,0,54.0
737,144,340,120,4,4.5,4.0,7.27,1,97.0
738,60,311,97,2,2.0,2.0,8.3,0,42.0
739,256,311,108,4,4.0,4.5,8.37,0,79.0
740,31,300,94,2,3.0,3.0,8.1,1,65.0
741,319,324,111,3,2.5,2.0,8.8,1,79.0
742,479,270,113,3,4.65,4.5,8.49,1,71.0
743,231,290,111,3,4.0,4.5,8.65,0,73.0
744,475,279,84,2,0.41,2.51,7.63,0,45.09
745,158,275,105,2,2.0,2.5,8.26,0,65.0
746,320,296,116,1,2.33,1.5,6.89,0,46.03
747,386,282,119,5,5.0,5.0,9.82,1,96.0
748,185,269,106,2,2.5,4.0,8.32,0,72.0
749,381,322,104,3,3.5,0.84,8.84,1,78.0
750,373,336,83,4,0.63,4.58,9.62,1,95.0
751,433,324,117,4,4.5,4.0,6.77,1,86.0
752,84,309,115,3,1.83,4.51,7.92,0,43.05
753,265,325,110,2,3.0,2.5,8.76,1,75.0
754,61,316,106,2,1.33,2.56,8.45,0,47.03
755,330,297,96,1,4.47,1.52,7.87,0,46.03
756,102,312,105,2,2.5,3.41,8.12,0,64.0
757,14,307,73,3,4.0,0.99,9.12,1,62.0
758,41,304,110,3,3.5,4.49,8.0,1,46.0
759,69,318,108,3,3.5,4.0,9.22,1,68.0
760,414,317,101,3,2.78,2.0,7.94,1,49.0
761,214,333,119,5,5.0,4.5,9.78,1,96.0
762,298,295,120,3,4.0,4.5,9.11,0,86.0
763,10,324,106,3,3.5,3.92,9.38,0,
764,72,336,102,5,5.0,5.0,9.76,1,96.0
765,370,297,92,1,1.97,2.06,7.85,0,47.13
766,347,302,116,1,1.39,2.25,7.57,0,45.73
767,114,320,89,2,4.0,3.5,8.56,0,72.0
768,378,290,113,1,1.5,2.0,7.56,0,47.0
769,46,322,103,5,5.0,0.28,9.1,1,88.0
770,111,295,102,3,2.33,2.26,7.64,0,46.51
771,42,313,120,2,1.02,2.03,8.48,1,51.01
772,43,313,96,2,2.44,2.0,8.5,1,53.0
773,241,263,113,1,2.5,3.0,7.68,0,
774,496,332,76,5,4.5,4.0,9.02,1,87.0
775,82,319,109,4,2.88,4.44,9.2,1,87.82
776,156,288,109,3,2.45,1.82,8.69,0,77.0
777,454,325,97,4,4.35,4.2,9.28,1,133.5
778,92,299,97,3,4.63,3.38,7.66,0,37.01
779,159,306,106,2,0.24,0.28,8.14,0,61.0
780,85,302,103,3,1.85,2.85,7.97,0,46.02
781,36,312,108,1,2.71,1.6,7.5,0,48.11
782,307,323,110,3,0.15,5.0,9.1,1,79.0
783,445,265,113,5,4.0,0.41,9.45,1,92.0
784,367,320,104,3,3.5,4.5,8.34,1,74.0
785,171,312,120,2,2.5,1.51,8.04,1,68.0
786,378,280,97,2,2.44,2.19,7.52,0,43.61
787,20,327,119,4,4.73,3.81,9.37,1,88.72
788,93,283,95,2,3.98,3.76,8.03,0,41.19
789,229,291,112,3,4.0,3.5,8.67,0,71.0
790,34,300,100,1,2.66,2.44,7.55,0,69.0
791,473,298,100,2,2.34,3.14,7.79,0,52.0
792,418,316,103,3,3.32,2.0,7.68,0,52.0
793,207,297,73,2,3.5,3.0,6.27,0,63.0
794,479,318,103,3,0.34,2.88,8.49,1,71.0
795,80,313,106,1,1.5,2.0,7.36,0,46.0
796,191,324,82,5,4.5,4.0,9.16,1,90.0
797,493,298,101,4,2.5,0.42,7.69,1,53.0
798,41,276,110,3,3.5,3.0,8.0,1,
799,338,330,75,5,4.67,4.78,9.29,1,87.02
800,48,339,119,5,4.5,4.0,9.7,0,89.0
801,146,320,113,2,1.84,1.12,8.64,1,81.0
802,40,310,105,1,2.72,3.91,9.02,0,50.5
803,457,298,84,1,2.0,1.04,7.81,0,44.14
804,319,324,91,3,2.5,3.85,9.63,1,79.0
805,347,297,94,1,1.17,1.33,7.34,0,44.52
806,387,302,101,2,2.5,3.5,7.96,0,46.0
807,236,326,111,5,4.5,4.0,9.23,1,88.0
808,112,293,94,4,1.88,2.5,7.55,0,43.61
809,176,313,105,4,2.64,1.83,8.87,1,85.0
810,458,295,99,1,1.72,3.94,7.57,0,37.0
811,273,287,98,1,1.01,1.5,8.0,0,50.5
812,145,325,88,2,2.37,3.5,8.17,1,80.0
813,345,295,70,2,0.54,3.77,7.34,0,47.0
814,93,298,78,2,4.0,1.45,8.03,0,34.0
815,81,312,105,3,2.0,0.73,8.02,1,50.0
816,440,296,112,1,2.0,2.22,7.5,0,39.52
817,59,302,99,1,3.0,2.28,7.16,0,42.17
818,265,325,88,2,2.92,2.5,8.76,1,75.0
819,376,300,119,2,2.22,3.86,7.56,0,36.01
820,80,294,93,1,3.61,0.1,9.67,0,46.0
821,72,336,112,5,4.96,2.08,9.74,1,94.99
822,170,311,105,2,1.71,2.75,7.98,0,65.0
823,379,298,97,2,2.5,2.36,7.56,0,40.14
824,136,314,109,4,4.37,3.4,8.77,1,82.0
825,261,327,108,5,2.04,3.5,9.13,1,87.0
826,402,315,110,2,3.0,3.0,6.67,0,66.0
827,84,295,86,5,4.0,4.5,9.36,1,92.0
828,117,299,98,3,1.59,3.5,8.62,0,56.0
829,155,326,108,3,3.0,3.5,8.89,0,80.0
830,269,327,113,4,4.5,5.0,9.14,0,83.0
831,71,332,118,5,5.0,0.61,9.64,1,94.0
832,374,314,118,1,4.45,4.47,7.65,0,45.08
833,485,262,106,3,3.5,3.0,7.89,1,73.0
834,128,319,112,3,2.5,2.0,8.71,1,78.0
835,14,320,108,2,3.58,3.08,8.71,0,46.51
836,426,313,111,5,3.85,5.0,9.86,1,92.0
837,270,308,108,4,4.5,3.67,8.34,0,77.0
838,404,330,116,4,4.0,4.75,9.23,1,91.0
839,151,334,115,4,4.0,4.0,9.43,1,93.0
840,339,323,100,5,3.52,4.0,6.65,1,121.5
841,347,304,95,2,1.5,3.22,7.64,0,47.0
842,414,317,110,3,3.0,4.06,7.94,1,49.0
843,123,310,106,4,1.5,2.5,8.36,0,57.0
844,227,306,108,2,3.5,4.0,8.45,0,63.0
845,165,329,69,4,4.5,4.0,9.01,1,81.0
846,395,329,82,4,2.12,4.0,9.23,1,89.0
847,63,304,105,2,3.0,3.0,8.2,1,54.0
848,400,300,98,2,2.19,2.69,7.56,0,50.5
849,209,305,74,2,3.81,3.0,7.13,0,
850,497,337,117,5,1.14,5.0,9.87,1,96.0
851,353,306,100,2,3.0,3.5,8.06,1,64.0
852,96,304,80,4,1.5,0.38,7.84,0,42.0
853,27,339,119,4,3.32,2.94,9.56,1,92.48
854,144,281,90,4,0.93,4.0,9.92,1,97.0
855,42,313,106,2,3.97,2.03,8.48,1,51.01
856,218,321,111,4,4.0,1.73,9.13,1,85.0
857,177,329,119,4,4.5,4.34,7.67,1,90.0
858,237,325,115,4,0.05,4.25,9.17,1,85.0
859,223,324,113,4,0.63,4.0,8.79,0,76.0
860,347,302,95,1,4.52,1.66,7.54,0,44.53
861,346,316,98,1,1.5,2.81,9.31,0,49.0
862,121,335,90,5,5.0,5.0,9.56,1,94.0
863,157,315,105,3,2.0,4.65,8.34,0,70.0
864,347,275,94,1,1.28,1.55,8.48,0,45.32
865,333,308,106,3,3.5,2.5,8.21,1,
866,95,302,110,3,1.65,2.63,7.89,0,38.08
867,194,336,107,5,4.5,3.23,9.53,1,94.0
868,236,326,111,5,4.5,1.84,9.23,1,88.0
869,182,305,117,2,2.5,2.5,8.42,0,71.0
870,189,296,101,5,4.5,3.5,9.36,1,93.0
871,390,320,108,3,3.5,4.0,8.44,1,76.0
872,469,323,110,4,4.0,2.37,8.96,1,85.26
873,111,293,119,3,1.89,2.5,7.55,0,45.01
874,339,323,90,5,0.27,4.0,8.74,1,81.0
875,296,317,100,2,3.0,2.24,8.57,0,68.0
876,85,309,84,3,1.85,3.69,7.71,0,46.02
877,332,311,70,2,1.04,3.03,8.12,1,73.0
878,219,324,116,4,3.0,3.81,8.97,1,84.0
879,107,334,114,4,3.86,1.99,9.36,1,88.96
880,267,312,105,2,4.9,4.28,8.45,0,72.0
881,95,281,75,2,3.23,3.01,7.86,0,42.61
882,80,294,83,1,1.5,2.0,7.36,0,46.0
883,42,316,105,2,2.5,0.73,8.2,1,49.0
884,106,312,100,3,2.27,4.5,8.78,1,69.0
885,376,304,101,2,2.0,2.5,7.66,0,38.0
886,11,323,86,2,3.41,3.93,8.36,1,48.64
887,253,318,103,2,2.1,3.5,8.54,1,71.0
888,369,298,120,1,2.0,3.3,7.88,0,51.0
889,21,312,108,3,4.04,2.0,7.9,1,64.0
890,432,299,100,2,2.0,2.68,7.57,0,46.53
891,243,324,106,3,2.62,3.0,8.76,1,70.0
892,51,292,98,3,4.21,3.67,8.3,1,76.0
893,79,295,94,1,2.29,2.76,7.45,0,45.0
894,442,332,93,1,1.5,3.51,8.66,1,79.0
895,407,322,110,4,3.0,2.5,8.02,1,61.0
896,143,331,115,5,3.46,3.5,9.3,1,92.0
897,339,311,108,5,4.0,4.0,8.74,1,81.0
898,345,273,119,1,1.5,2.0,7.43,0,48.0
899,302,319,108,2,2.5,3.0,8.76,0,66.0
900,173,322,110,4,4.0,4.47,9.13,1,86.0
901,285,340,82,4,0.64,2.66,9.66,1,94.0
902,42,266,107,2,2.5,2.05,8.47,1,52.0
903,410,310,100,3,2.79,2.81,7.7,0,50.51
904,345,295,96,2,0.36,4.56,7.34,0,47.0
905,307,323,110,3,3.68,3.5,9.1,1,79.0
906,347,299,104,1,1.42,2.89,6.7,0,43.69
907,128,315,100,2,1.35,2.25,7.87,0,48.47
908,59,306,82,1,2.42,2.0,7.66,0,39.06
909,168,313,102,3,4.56,3.0,8.27,0,64.0
910,422,321,112,3,3.0,4.5,8.95,1,77.0
911,226,296,118,2,2.5,1.98,6.81,0,61.0
912,13,276,103,4,4.37,4.5,9.1,1,78.0
913,444,321,114,5,4.5,4.5,9.16,1,87.0
914,91,279,114,2,4.0,4.0,7.92,1,64.0
915,464,304,107,3,3.5,1.76,7.86,0,57.0
916,285,340,98,4,5.0,4.5,9.66,1,94.0
917,417,281,113,3,4.16,2.0,7.72,0,50.51
918,118,294,100,2,2.7,3.2,6.35,0,46.0
919,426,285,100,5,4.0,3.29,7.41,1,92.0
920,305,313,118,2,2.5,2.22,8.43,0,62.0
921,29,295,93,1,2.0,2.0,7.2,0,46.0
922,94,301,98,2,3.57,2.93,8.02,0,43.13
923,84,298,96,2,2.66,2.17,7.58,0,
924,491,307,98,2,2.5,3.91,9.33,1,67.0
925,75,314,120,3,0.67,0.39,8.9,0,74.0
926,32,327,103,3,1.86,4.0,8.3,1,74.0
927,58,292,118,2,4.57,2.0,6.22,0,46.0
928,106,316,110,3,4.0,4.5,8.78,1,69.0
929,180,307,102,3,3.0,1.66,8.27,0,73.0
930,110,304,103,5,5.0,4.0,8.64,0,68.0
931,117,299,102,3,4.0,4.04,6.49,0,56.0
932,294,312,98,1,3.5,3.0,8.18,1,64.0
933,68,316,119,2,3.5,3.5,8.74,1,57.0
934,23,328,79,5,5.0,5.0,9.5,1,94.0
935,273,294,69,1,1.5,1.5,7.64,0,49.0
936,380,311,81,2,2.0,0.46,7.84,0,46.16
937,319,324,111,3,2.5,2.0,7.01,1,79.0
938,187,264,112,3,3.5,3.0,8.68,1,84.0
939,235,330,107,5,5.0,2.95,9.31,1,91.0
940,219,298,90,4,3.0,3.9,8.97,1,84.0
941,410,287,96,1,2.0,0.25,8.02,0,61.0
942,263,308,103,2,2.5,4.0,8.36,1,70.0
943,9,301,88,1,1.99,1.53,7.99,0,48.46
944,289,314,103,4,0.76,4.23,6.33,0,82.0
945,36,263,106,2,2.86,2.84,7.84,1,45.01
946,338,299,118,5,3.63,0.59,9.11,1,94.0
947,372,324,71,3,4.98,4.05,9.22,1,89.0
948,42,313,71,2,4.73,4.98,9.15,1,51.0
949,218,321,73,4,3.98,3.99,9.13,1,84.5
950,47,329,114,5,4.0,5.0,9.3,1,86.0
951,495,301,99,3,4.98,2.0,8.45,1,68.0
952,376,300,113,2,2.22,2.28,7.56,0,36.01
953,463,265,101,4,2.79,3.0,8.25,0,62.0
954,331,299,96,1,4.47,3.25,7.84,0,46.03
955,93,266,97,2,1.31,3.05,7.86,0,41.03
956,193,311,114,5,4.5,2.62,8.94,1,
957,425,325,114,5,4.0,5.0,9.46,1,91.0
958,326,326,99,3,3.47,4.0,9.14,1,81.0
959,326,309,116,3,3.5,4.0,9.14,1,81.0
960,351,318,107,3,0.16,0.59,8.27,1,
961,448,304,108,3,3.5,5.0,8.97,1,84.0
962,60,310,91,2,2.37,2.37,8.23,0,45.03
963,499,327,79,4,3.07,4.54,9.08,0,88.27
964,312,328,108,4,4.5,2.25,9.18,1,84.0
965,12,322,105,2,3.34,3.88,8.33,1,48.02
966,377,294,97,1,2.16,4.09,7.47,0,40.6
967,139,326,76,2,3.17,2.94,9.08,1,80.0
968,452,324,79,4,4.5,4.5,9.25,1,89.0
969,395,329,111,4,4.5,4.0,8.83,1,89.0
970,418,316,80,3,4.72,2.0,8.26,0,52.0
971,354,288,71,1,1.68,2.0,7.72,0,49.01
972,71,332,118,5,5.0,3.65,9.64,1,94.0
973,13,327,111,4,4.34,4.5,9.06,1,89.16
974,496,274,99,4,4.5,4.01,9.02,0,85.47
975,267,312,105,2,0.52,2.5,8.45,0,72.0
976,397,325,107,3,3.0,1.27,6.46,1,84.0
977,419,309,101,3,2.88,2.41,7.57,0,47.6
978,60,311,90,2,2.0,2.0,8.3,0,42.0
979,9,306,103,1,2.31,1.81,8.12,0,47.51
980,421,299,100,3,4.52,3.0,7.75,0,42.0
981,22,263,114,4,3.0,2.0,8.4,0,70.0
982,92,298,97,2,0.72,3.2,7.17,0,36.01
983,393,289,112,4,0.42,3.24,9.12,1,84.0
984,251,320,93,3,3.0,2.75,6.87,1,74.0
985,415,321,110,4,3.5,4.0,8.35,1,72.0
986,188,318,114,3,3.77,3.27,8.81,1,86.9
987,344,305,103,2,3.0,3.5,8.13,0,59.0
988,83,297,93,2,2.68,3.73,7.58,0,42.19
989,441,305,104,2,2.5,2.39,7.79,0,53.0
990,235,305,113,5,2.57,4.0,9.31,1,91.0
991,127,323,113,3,4.0,4.24,9.32,1,85.0
992,375,303,100,1,2.0,2.46,7.68,0,44.56
993,196,289,104,2,4.2,3.5,8.52,1,
994,240,299,104,1,1.5,2.0,7.89,0,59.0
995,340,258,89,2,1.31,1.85,7.5,0,45.01
996,242,317,103,2,2.5,2.0,8.15,0,65.0
997,488,297,100,3,2.43,4.1,7.67,0,45.09
998,410,310,109,3,2.89,4.95,7.73,0,50.51
999,397,325,107,3,2.23,3.51,9.11,1,84.0
1000,387,302,101,2,2.5,3.5,9.69,0,46.0
1001,412,274,99,2,2.5,2.98,6.39,0,56.0
1002,79,262,93,1,1.56,2.01,6.12,0,42.95
1003,322,323,75,3,4.0,4.0,8.44,1,73.0
1004,135,267,82,5,4.0,0.71,9.28,1,89.0
1005,91,309,96,2,4.92,3.44,7.66,0,41.03
1006,208,310,104,3,3.5,4.0,8.02,1,66.0
1007,433,324,112,4,4.5,3.65,6.74,1,86.0
1008,237,325,112,4,3.9,3.95,9.17,1,85.0
1009,495,301,99,3,3.09,2.07,8.45,1,68.0
1010,126,300,100,3,0.49,3.0,8.66,1,64.0
1011,175,320,110,4,4.35,3.96,8.95,1,85.5
1012,47,329,114,5,1.71,5.0,9.3,1,86.0
1013,42,315,78,2,2.07,2.36,7.91,1,51.02
1014,407,301,100,3,2.46,4.68,7.45,0,47.1
1015,197,306,105,2,3.0,2.5,6.56,0,73.0
1016,92,299,97,3,4.18,3.5,9.67,0,57.0
1017,314,301,100,3,3.5,3.0,8.04,0,67.0
1018,416,327,81,4,4.0,2.71,7.57,1,76.0
1019,101,322,114,3,3.5,4.25,8.46,1,71.0
1020,478,309,105,4,2.65,2.0,8.18,0,65.0
1021,335,312,107,4,4.5,4.65,9.47,1,73.0
1022,255,264,114,4,0.13,5.0,9.12,0,85.0
1023,330,297,96,2,2.5,1.5,7.89,0,43.0
1024,118,295,119,2,2.97,3.47,9.6,0,46.0
1025,61,308,104,2,3.12,3.0,8.11,0,47.5
1026,379,296,96,2,2.3,2.0,7.5,0,41.62
1027,463,297,97,1,4.79,2.72,7.1,0,41.59
1028,375,275,102,2,0.2,2.5,7.66,0,38.5
1029,408,305,116,3,2.63,2.74,7.58,0,50.5
1030,369,298,92,1,2.02,0.17,7.88,0,51.0
1031,357,327,101,3,3.5,4.0,8.77,1,79.0
1032,268,314,107,3,3.0,0.52,8.17,1,73.0
1033,105,326,76,3,0.3,2.78,9.05,1,74.0
1034,40,307,109,2,3.82,3.7,7.93,0,47.0
1035,134,333,113,5,2.86,4.08,9.29,1,90.48
1036,26,340,120,5,1.53,3.42,9.47,1,94.0
1037,132,300,89,2,1.5,2.22,7.87,0,47.03
1038,461,296,95,4,3.86,1.4,8.66,1,77.0
1039,236,268,111,4,4.45,4.05,9.22,1,86.47
1040,151,334,114,4,4.0,4.0,8.94,1,93.0
1041,375,315,105,2,2.0,3.44,7.42,0,39.0
1042,478,309,71,4,1.79,4.49,8.18,0,65.0
1043,498,312,120,5,4.5,5.0,9.56,1,93.0
1044,399,312,103,3,3.5,1.97,8.78,0,67.0
1045,376,304,113,2,2.0,2.5,7.66,0,38.0
1046,33,338,118,4,3.0,2.38,9.4,1,136.5
1047,260,331,99,4,5.0,2.72,8.82,1,
1048,33,302,118,4,3.0,0.85,9.4,1,91.0
1049,405,311,120,3,2.0,1.43,7.64,1,62.0
1050,420,308,73,2,2.0,3.5,7.98,1,58.0
1051,234,304,100,2,2.5,3.5,8.07,0,64.0
1052,172,334,70,5,2.66,4.5,9.07,1,89.0
1053,174,296,107,4,4.0,4.17,9.23,1,89.0
1054,380,311,99,1,2.5,2.09,8.43,1,71.0
1055,376,298,118,1,1.81,2.31,7.62,0,42.58
1056,429,316,99,2,3.44,1.02,8.74,0,69.0
1057,410,300,98,1,3.18,2.5,8.02,0,61.0
1058,139,326,116,2,4.5,3.0,9.08,1,80.0
1059,93,298,97,2,3.7,3.0,7.99,0,39.07
1060,426,323,111,5,4.0,5.0,9.86,1,92.0
1061,283,312,106,3,2.17,1.19,8.79,1,81.0
1062,62,307,101,3,0.24,3.0,8.2,0,47.0
1063,97,306,100,2,3.0,3.0,7.85,0,48.0
1064,458,288,99,1,2.0,1.5,7.57,0,37.0
1065,262,312,98,3,3.26,2.74,8.09,0,71.0
1066,471,271,112,5,4.0,4.0,7.03,1,87.0
1067,500,327,110,4,4.5,4.5,9.04,0,84.0
1068,61,309,114,2,3.0,3.0,8.95,0,48.0
1069,84,322,115,5,4.0,4.5,9.36,1,92.0
1070,386,335,116,5,5.0,5.0,9.82,1,96.0
1071,1,257,118,4,4.01,4.5,6.26,1,92.0
1072,193,322,113,5,4.5,4.0,6.78,1,86.0
1073,419,308,101,3,3.88,2.56,8.83,0,
1074,122,334,104,5,4.5,4.5,9.48,1,
1075,84,322,71,5,2.67,4.5,9.36,1,92.0
1076,340,324,74,5,3.5,4.0,8.66,1,81.0
1077,95,303,114,3,2.0,2.28,7.66,0,36.0
1078,328,295,101,2,2.5,2.0,7.86,0,69.0
1079,103,312,106,2,4.0,3.5,8.25,0,62.0
1080,214,333,85,5,5.0,4.99,9.78,1,96.0
1081,175,321,111,4,4.0,4.0,8.97,1,87.0
1082,387,295,106,1,1.5,2.0,6.92,0,48.0
1083,247,316,113,3,3.0,3.5,6.59,0,72.0
1084,387,311,98,1,1.79,2.43,7.82,0,47.72
1085,192,323,102,5,4.0,5.0,8.98,1,87.0
1086,345,315,73,1,3.2,2.0,7.43,0,48.0
1087,273,311,88,1,3.08,1.5,8.33,0,50.5
1088,377,297,96,2,2.5,2.0,7.43,0,34.0
1089,287,336,118,5,4.5,4.0,9.19,1,92.0
1090,366,330,111,4,4.5,3.0,9.17,1,86.0
1091,249,301,90,3,3.5,4.0,8.87,1,80.0
1092,465,311,80,2,0.1,3.0,7.21,0,45.0
1093,27,322,109,5,2.45,3.5,8.8,0,76.0
1094,101,301,99,2,2.28,2.78,7.55,0,41.6
1095,384,299,100,1,0.65,3.13,7.86,0,46.5
1096,357,327,109,3,3.5,4.0,8.77,1,79.0
1097,493,298,101,4,2.5,4.5,7.69,1,53.0
1098,80,294,72,1,1.51,2.01,6.56,0,41.07
1099,4,303,110,3,3.5,2.5,8.67,1,80.0
1100,135,333,102,5,4.0,1.22,9.28,1,89.0
1101,95,303,92,2,3.89,0.5,9.06,0,42.23
1102,356,317,106,2,0.83,3.5,8.12,0,73.0
1103,293,302,101,2,1.0,2.0,8.05,0,56.0
1104,394,317,104,2,3.0,1.3,8.76,0,77.0
1105,497,329,119,4,4.41,4.97,8.15,1,87.72
1106,446,328,116,5,1.51,5.0,9.08,1,91.0
1107,61,308,100,2,3.12,3.0,8.11,0,47.5
1108,370,313,102,1,2.0,3.0,8.03,1,67.0
1109,41,313,105,1,2.59,2.33,8.08,0,50.63
1110,292,300,102,2,1.5,2.0,7.87,0,56.0
1111,346,316,98,1,1.5,2.0,7.43,0,49.0
1112,227,306,110,2,3.5,0.54,8.45,0,63.0
1113,340,324,107,5,3.5,3.46,8.66,1,81.0
1114,492,297,119,4,3.0,3.5,7.81,0,54.0
1115,193,322,112,5,4.5,4.0,8.94,1,86.0
1116,94,301,92,2,2.81,0.35,7.84,0,41.91
1117,455,310,103,2,1.51,3.5,9.63,0,71.0
1118,64,289,90,2,0.53,3.0,8.5,1,56.0
1119,317,327,114,3,4.13,4.0,9.17,1,82.47
1120,238,329,114,5,4.5,3.3,6.76,1,86.0
1121,295,316,101,2,2.5,2.0,8.32,1,61.0
1122,113,302,107,3,0.2,3.5,8.34,1,62.0
1123,60,314,105,2,3.51,2.41,8.41,0,44.37
1124,347,304,97,2,1.5,3.09,7.64,0,47.0
1125,138,282,96,2,4.85,0.22,8.16,1,71.0
1126,127,274,76,3,4.0,3.0,9.32,1,85.0
1127,400,275,117,4,3.37,4.0,9.74,1,95.0
1128,45,323,111,5,4.76,4.75,7.17,1,89.47
1129,457,257,115,2,1.27,2.0,7.88,0,51.0
1130,113,301,116,3,3.5,0.6,8.34,1,62.0
1131,319,297,119,1,1.19,1.19,7.45,0,
1132,389,296,97,2,1.92,2.0,7.8,0,49.0
1133,138,287,108,2,1.5,3.0,8.16,1,71.0
1134,218,300,100,4,3.41,3.78,9.05,1,87.36
1135,210,301,100,3,3.5,2.29,8.12,1,68.0
1136,8,308,115,2,3.0,4.0,7.9,0,68.0
1137,5,314,103,2,2.0,3.0,8.21,0,65.0
1138,379,296,77,2,2.3,2.0,7.5,0,41.62
1139,337,331,117,4,4.89,4.93,9.45,1,87.02
1140,255,321,73,4,4.0,5.0,9.12,0,85.0
1141,84,298,96,2,2.66,2.17,7.07,0,40.52
1142,327,289,100,3,0.07,0.58,8.02,0,63.0
1143,408,298,104,3,0.24,0.37,7.95,1,58.0
1144,38,307,118,2,3.95,3.39,7.76,0,46.76
1145,358,301,104,2,2.13,3.5,9.71,1,68.0
1146,154,324,75,3,1.6,4.0,8.75,0,79.0
1147,344,273,72,2,2.5,1.68,8.13,0,59.0
1148,306,274,89,3,3.5,3.5,8.8,1,
1149,10,324,83,3,0.81,1.38,8.44,0,48.53
1150,217,302,71,4,4.5,4.9,9.26,1,91.0
1151,74,314,83,4,4.5,4.0,9.04,1,84.0
1152,281,311,77,3,4.13,4.0,6.85,1,68.0
1153,471,320,118,5,4.0,4.0,9.27,1,87.0
1154,60,309,102,2,1.94,2.92,8.12,0,45.25
1155,34,340,114,5,4.0,2.85,9.6,1,90.0
1156,401,304,100,2,3.13,3.0,6.11,0,63.0
1157,469,323,107,4,4.0,5.0,9.41,1,81.0
1158,303,257,105,2,0.11,3.0,8.45,1,65.0
1159,10,284,102,3,3.5,3.0,8.6,0,45.0
1160,63,304,105,2,3.0,3.0,8.2,1,54.0
1161,142,331,117,2,4.37,3.5,7.15,1,90.99
1162,42,294,107,2,2.12,2.2,8.4,1,49.51
1163,332,298,96,2,2.34,1.94,7.85,0,45.01
1164,92,299,97,3,5.0,0.85,7.66,0,38.0
1165,107,293,101,3,2.85,4.76,7.7,0,39.6
1166,463,307,104,4,3.0,2.76,7.94,0,62.0
1167,93,300,83,2,3.18,3.0,7.88,0,39.51
1168,121,335,120,5,0.68,0.7,9.56,1,94.0
1169,377,304,101,2,2.0,2.59,6.81,0,47.8
1170,164,317,93,3,3.5,3.0,8.56,0,68.0
1171,337,319,76,3,2.99,3.63,8.79,0,72.0
1172,60,311,104,2,1.91,2.0,8.3,0,42.0
1173,95,283,99,3,2.0,2.5,6.67,0,36.0
1174,10,264,83,3,2.15,2.65,8.42,0,48.51
1175,59,277,78,2,3.59,2.41,6.41,0,47.02
1176,407,301,77,3,2.46,3.0,7.45,0,47.1
1177,450,315,101,3,3.5,4.5,9.13,0,79.0
1178,417,307,100,3,2.47,2.62,7.66,0,45.53
1179,69,258,109,3,3.5,1.61,7.95,1,68.0
1180,45,326,113,5,0.7,0.52,6.35,1,91.0
1181,448,302,101,2,2.35,1.95,7.62,0,49.08
1182,438,317,106,1,2.63,3.5,7.65,1,61.0
1183,448,320,101,3,3.5,0.31,8.97,1,84.0
1184,331,301,96,1,2.38,1.56,8.66,0,46.03
1185,61,312,93,2,3.0,3.1,8.22,0,50.0
1186,388,302,85,2,1.79,2.88,7.98,0,51.01
1187,39,309,107,2,3.29,2.86,7.89,0,
1188,336,325,111,4,4.0,4.5,9.11,1,83.0
1189,139,331,114,5,4.0,3.19,9.37,1,90.48
1190,152,294,69,5,1.68,5.0,9.28,1,94.0
1191,439,318,110,1,2.5,2.15,8.54,1,67.0
1192,94,301,80,2,3.57,3.09,8.02,0,43.13
1193,349,302,114,1,2.0,2.0,8.6,0,57.0
1194,262,297,100,3,3.5,1.46,8.62,0,71.0
1195,146,327,115,3,3.65,3.2,9.24,1,87.27
1196,181,287,87,3,2.34,3.0,6.17,0,
1197,464,309,107,3,4.47,1.14,7.86,0,57.0
1198,299,330,114,3,4.5,4.5,9.24,1,90.0
1199,176,320,102,4,4.5,3.5,8.87,1,85.0
1200,297,313,98,1,1.17,1.67,6.85,0,50.5
1201,304,323,90,3,0.69,3.5,8.55,1,73.0
1202,132,264,105,5,5.0,4.5,8.65,0,77.0
1203,290,313,76,3,4.0,3.5,9.0,0,79.0
1204,174,323,88,4,4.0,4.5,9.23,1,89.0
1205,28,298,98,1,1.53,2.48,7.5,0,48.02
1206,380,311,85,2,0.4,2.91,6.21,0,46.06
1207,15,295,73,3,3.5,2.0,8.2,1,61.0
1208,430,340,105,5,5.0,0.81,9.06,1,95.0
1209,442,332,92,1,1.5,3.0,8.66,1,79.0
1210,471,320,110,5,4.0,4.0,9.27,1,87.0
1211,118,294,100,2,2.7,2.48,7.33,0,46.0
1212,282,317,109,3,4.0,4.5,9.11,1,80.0
1213,95,302,113,2,0.07,2.0,8.01,0,42.44
1214,458,295,99,1,2.0,1.5,7.57,0,37.0
1215,421,306,100,3,1.98,3.0,7.42,0,42.0
1216,79,311,70,3,2.21,3.0,8.04,0,48.51
1217,445,324,113,4,3.78,5.0,9.27,1,92.5
1218,146,320,113,2,2.0,2.5,8.64,1,81.0
1219,485,317,106,3,1.62,3.0,7.89,1,73.0
1220,23,304,117,5,5.0,4.74,9.6,1,94.5
1221,155,326,108,3,3.0,3.5,8.89,0,80.0
1222,456,305,86,2,1.5,2.5,8.16,0,59.0
1223,148,326,76,3,3.0,3.0,9.11,1,83.0
1224,148,326,92,3,0.54,3.0,9.11,1,83.0
1225,161,315,103,1,1.5,3.04,7.86,0,57.0
1226,82,272,120,4,5.0,5.0,9.5,1,96.0
1227,94,300,98,2,3.1,3.51,7.96,0,38.1
1228,94,301,97,2,3.34,3.0,7.88,1,44.0
1229,346,296,105,1,1.5,2.0,7.61,0,48.0
1230,236,314,98,4,0.78,4.48,9.17,1,86.47
1231,371,310,103,2,0.54,2.5,8.24,0,72.0
1232,472,311,103,3,2.0,4.0,8.09,0,64.0
1233,278,320,101,2,2.93,3.85,8.62,0,70.0
1234,273,294,95,1,1.5,3.22,7.64,0,49.0
1235,244,325,114,3,0.31,3.0,8.77,1,76.0
1236,198,310,106,2,0.72,0.67,8.33,0,73.0
1237,165,290,88,4,4.5,1.87,9.01,1,81.0
1238,107,289,108,4,4.5,3.53,9.18,1,87.0
1239,146,278,109,2,2.22,2.73,8.74,1,
1240,223,324,113,4,4.5,4.0,8.79,0,76.0
1241,360,321,117,2,2.0,1.5,8.44,0,81.0
1242,330,297,118,2,2.5,3.45,7.79,0,43.0
1243,481,321,73,3,3.5,4.0,9.01,1,80.0
1244,499,312,103,4,4.0,5.0,8.06,0,
1245,375,287,97,1,1.24,2.46,7.96,0,44.56
1246,458,295,99,1,2.0,1.5,7.54,0,37.0
1247,94,301,97,2,2.53,1.07,9.69,1,44.0
1248,382,282,78,2,2.5,2.89,7.75,0,40.12
1249,434,290,111,4,0.83,5.0,9.34,0,71.0
1250,78,301,99,2,3.0,2.0,8.22,0,64.0
1251,44,332,117,4,0.24,4.08,9.1,0,87.0
1252,346,279,97,1,1.78,2.0,7.48,0,
1253,374,302,104,1,2.0,2.49,7.65,0,45.08
1254,190,323,112,5,2.2,4.83,9.06,1,86.99
1255,414,290,101,3,3.0,2.0,7.94,1,49.0
1256,330,277,96,2,2.44,1.53,7.88,0,43.98
1257,61,309,100,2,2.87,3.0,8.34,0,48.0
1258,370,297,108,1,3.96,2.0,7.87,0,
1259,10,323,108,3,3.5,3.0,8.6,0,45.0
1260,95,303,98,2,3.74,3.19,9.33,0,43.06
1261,400,310,75,2,2.64,2.86,7.66,0,52.5
1262,99,332,119,4,5.0,4.5,8.68,1,90.0
1263,93,300,91,2,3.46,3.11,7.83,0,41.01
1264,97,306,100,2,2.71,3.0,9.25,0,48.0
1265,70,328,91,4,4.5,4.68,9.16,1,78.0
1266,31,300,97,2,0.92,3.0,8.1,1,65.0
1267,19,318,78,3,4.0,3.0,8.8,0,63.0
1268,341,292,107,3,3.0,3.37,8.46,1,75.0
1269,222,316,106,3,3.5,1.07,8.56,0,75.0
1270,424,262,69,5,0.44,2.64,9.54,1,
1271,147,315,105,3,2.0,4.3,9.75,0,75.0
1272,447,327,118,4,5.0,5.0,9.67,1,93.0
1273,33,338,115,4,3.16,4.86,9.43,1,90.5
1274,136,314,109,4,3.5,4.0,6.25,1,82.0
1275,477,292,113,2,2.23,3.68,7.43,0,49.08
1276,17,317,107,3,4.0,2.31,8.35,0,
1277,382,299,98,2,2.5,2.81,7.72,0,40.22
1278,177,329,100,4,4.5,4.5,9.16,1,90.0
1279,38,307,78,2,3.97,2.03,7.75,0,46.51
1280,169,314,115,2,2.0,4.0,7.8,1,64.0
1281,79,296,84,2,3.0,4.62,7.54,1,44.0
1282,152,299,88,5,5.0,5.0,6.49,1,94.0
1283,94,300,80,2,1.39,2.74,7.84,0,35.0
1284,134,323,111,5,2.02,4.5,8.78,0,79.0
1285,417,316,102,3,3.45,2.0,7.71,0,50.5
1286,130,333,120,5,5.0,2.94,8.32,1,92.0
1287,190,324,112,5,5.0,5.0,8.55,1,88.0
1288,137,312,103,3,5.0,4.0,9.75,0,76.0
1289,101,301,118,2,2.28,2.78,7.55,0,41.6
1290,393,287,112,4,4.0,3.5,9.12,1,84.0
1291,378,298,97,2,2.44,0.77,7.52,0,43.61
1292,198,310,106,2,3.5,2.5,8.33,0,73.0
1293,291,307,105,2,2.66,3.0,7.65,0,58.0
1294,37,299,106,2,1.03,4.0,8.4,0,64.0
1295,93,300,112,3,3.93,3.19,7.72,0,40.04
1296,233,314,107,2,2.5,3.5,8.27,0,69.0
1297,279,308,103,2,3.0,3.5,8.49,0,66.0
1298,34,302,114,5,4.0,2.06,9.6,1,90.0
1299,83,260,103,5,5.0,4.5,9.22,1,92.0
1300,384,300,99,2,3.3,3.2,8.35,0,40.82
1301,16,314,105,3,3.5,2.5,8.3,0,54.0
1302,90,306,75,3,0.9,0.18,6.78,0,46.02
1303,342,326,110,3,3.5,3.5,8.76,1,79.0
1304,41,308,110,3,3.5,1.13,8.0,1,46.0
1305,326,326,116,3,3.5,3.83,9.14,1,81.0
1306,200,313,107,3,4.0,4.5,8.69,0,72.0
1307,430,340,115,5,5.0,4.5,9.06,1,95.0
1308,218,261,109,4,4.0,4.0,9.13,1,85.0
1309,88,307,118,3,0.8,2.73,7.92,0,46.02
1310,12,322,105,2,3.34,1.83,8.33,1,48.02
1311,454,319,120,3,2.5,2.88,8.76,1,73.0
1312,384,296,96,2,2.85,2.0,7.66,0,46.0
1313,298,320,94,3,4.56,4.5,9.11,0,86.0
1314,74,314,108,4,4.5,1.83,9.04,1,84.0
1315,217,322,114,4,4.5,4.5,9.26,1,91.0
1316,382,303,107,2,2.5,4.05,6.57,0,40.22
1317,83,320,110,5,0.15,0.8,9.22,1,92.0
1318,186,327,74,4,3.74,1.97,9.14,1,90.96
1319,387,282,97,1,1.5,2.0,7.77,0,48.0
1320,354,301,101,1,1.68,2.0,7.72,0,49.01
1321,95,303,115,2,2.05,4.63,7.68,0,42.23
1322,31,297,96,1,2.31,4.89,7.37,0,69.0
1323,324,292,117,2,2.0,0.98,8.73,0,62.0
1324,330,297,96,2,2.5,1.5,7.93,0,43.0
1325,31,271,112,1,2.31,2.21,7.97,0,69.0
1326,236,326,73,5,2.42,4.0,9.23,1,88.0
1327,317,298,106,2,3.99,2.06,9.73,0,54.0
1328,178,319,110,3,3.5,3.5,9.04,0,82.0
1329,213,338,111,4,2.39,5.0,8.78,1,95.0
1330,370,282,102,2,3.32,3.8,9.13,0,84.81
1331,63,314,104,3,3.61,3.79,8.4,0,49.51
1332,90,306,101,3,1.52,0.33,7.54,0,46.02
1333,445,324,92,5,3.0,0.73,9.25,1,92.0
1334,398,330,116,4,2.8,4.5,9.45,1,91.0
1335,33,338,100,4,3.11,3.36,9.59,1,90.5
1336,128,300,83,2,1.5,2.25,9.4,0,48.47
1337,235,330,104,5,1.11,4.0,9.31,1,
1338,98,331,119,3,4.66,4.6,8.18,1,87.95
1339,427,323,113,4,4.09,4.82,9.74,1,88.9
1340,68,316,102,2,3.5,3.5,6.51,1,57.0
1341,25,336,94,5,2.87,3.5,9.8,1,97.0
1342,173,295,110,4,4.0,2.71,9.13,1,86.0
1343,217,322,112,4,2.29,4.5,9.26,1,91.0
1344,58,301,100,2,3.42,0.33,7.8,0,44.02
1345,463,307,105,4,3.0,3.0,7.94,0,62.0
1346,169,293,115,2,2.0,0.47,7.8,1,64.0
1347,81,312,101,3,2.0,1.3,8.02,1,50.0
1348,112,321,109,4,4.0,4.0,8.68,1,69.0
1349,167,302,82,3,2.32,4.0,8.33,0,65.0
1350,42,264,93,2,2.5,2.05,9.23,1,52.0
1351,208,296,102,3,2.24,4.0,8.02,1,66.0
1352,369,298,92,1,2.09,2.0,7.88,0,51.0
1353,275,297,109,1,2.0,2.5,7.95,0,58.0
1354,42,316,78,2,4.12,2.5,8.2,1,49.0
1355,168,313,76,3,2.0,2.96,8.27,0,64.0
1356,89,299,96,2,3.0,2.67,7.77,1,66.0
1357,49,321,110,3,3.5,5.0,8.98,1,82.0
1358,288,324,114,5,5.0,3.57,9.08,1,89.0
1359,470,326,120,4,4.0,3.5,9.16,1,86.0
1360,19,290,113,3,4.0,4.67,8.8,0,63.0
1361,122,259,119,5,4.29,0.68,9.48,1,94.0
1362,95,262,98,2,3.53,3.74,7.05,0,42.75
1363,95,302,98,3,1.32,2.72,6.19,0,43.0
1364,351,261,107,3,3.0,3.5,8.27,1,74.0
1365,378,312,100,2,2.0,2.76,7.77,0,49.27
1366,346,316,98,1,1.5,2.54,7.43,0,49.0
1367,386,335,117,5,2.46,5.0,9.82,1,96.0
1368,142,332,118,2,2.12,3.5,9.36,1,90.0
1369,417,316,102,3,3.45,3.69,8.07,0,50.5
1370,439,333,105,4,4.63,4.5,9.34,1,93.48
1371,438,317,106,1,1.5,3.5,7.65,1,61.0
1372,26,340,120,5,4.5,4.5,9.6,1,94.0
1373,129,326,112,3,3.5,3.0,9.1,1,84.0
1374,150,277,106,2,3.5,3.0,8.26,1,79.0
1375,346,314,108,1,3.49,2.0,7.45,0,48.02
1376,203,340,115,5,4.5,3.49,9.91,1,97.0
1377,392,318,106,3,4.26,3.0,6.24,0,71.0
1378,36,304,81,2,3.23,2.38,7.64,0,46.03
1379,42,312,106,1,3.94,1.96,8.42,0,52.5
1380,430,340,115,5,2.76,4.17,8.28,1,95.0
1381,183,299,100,2,3.0,3.5,7.88,0,68.0
1382,393,300,111,4,4.07,3.57,9.13,1,86.43
1383,140,318,109,1,3.5,3.45,6.27,0,
1384,500,309,70,4,4.33,4.5,9.04,0,84.0
1385,401,304,104,2,3.5,1.13,8.22,0,63.0
1386,174,323,110,4,1.76,4.5,9.23,1,133.5
1387,324,305,102,2,2.0,2.5,8.18,0,62.0
1388,181,300,83,3,3.5,3.0,8.16,0,71.0
1389,385,340,113,4,4.88,1.66,9.74,1,96.0
1390,451,284,69,4,3.41,4.5,8.86,1,82.0
1391,273,294,95,1,1.5,1.5,7.64,0,49.0
1392,199,311,73,3,4.99,4.5,8.43,0,70.0
1393,393,326,111,4,3.32,2.76,9.88,1,86.43
1394,28,258,93,2,1.5,0.55,7.5,1,44.0
1395,297,310,107,3,3.5,3.5,8.67,0,76.0
1396,412,313,94,2,2.5,1.5,8.13,0,56.0
1397,347,304,97,2,1.43,2.13,7.64,0,
1398,95,303,99,3,1.82,2.5,7.66,0,36.0
1399,60,258,103,2,1.19,2.09,8.29,0,44.52
1400,96,304,99,2,0.13,2.78,7.85,0,42.17
1401,264,324,111,3,2.5,1.5,8.79,1,70.0
1402,435,306,119,3,1.36,3.0,8.21,0,64.0
1403,287,336,118,5,4.66,3.12,9.19,1,92.0
1404,489,322,117,3,1.62,4.0,8.62,1,76.0
1405,445,311,113,5,4.0,5.0,9.25,1,92.0
1406,257,309,99,3,4.0,3.02,8.56,0,76.0
1407,143,282,115,5,2.25,0.05,9.44,1,92.0
1408,61,316,106,2,0.38,2.56,8.45,0,47.03
1409,239,310,104,3,2.0,4.87,8.37,0,70.0
1410,276,322,110,3,3.42,3.88,8.47,1,78.0
1411,10,324,106,3,3.5,3.79,8.44,0,48.53
1412,166,322,110,5,0.4,4.0,8.97,0,78.0
1413,254,335,79,4,4.5,0.36,9.68,1,93.0
1414,33,297,118,4,2.71,4.5,9.61,1,91.0
1415,73,321,111,5,5.0,1.33,9.01,1,93.0
1416,308,325,112,4,4.01,4.0,9.0,1,
1417,375,312,103,2,2.0,2.5,7.63,0,38.5
1418,12,327,111,4,4.0,4.5,9.0,1,84.0
1419,447,299,114,2,0.59,2.26,6.1,0,46.52
1420,15,275,104,3,3.5,2.0,8.2,1,61.0
1421,87,315,101,3,3.74,3.5,8.42,0,72.0
1422,347,298,94,1,2.32,1.04,7.34,0,44.51
1423,395,324,103,3,3.54,3.5,9.05,1,82.99
1424,96,305,118,2,2.8,2.9,7.93,0,44.9
1425,36,320,110,5,5.0,5.0,9.2,1,
1426,10,280,115,3,3.5,3.0,9.81,0,45.0
1427,420,303,100,3,2.36,2.76,7.48,0,47.08
1428,279,304,85,2,3.0,3.5,7.5,0,66.0
1429,107,329,111,4,4.5,3.56,9.18,1,87.0
1430,210,301,104,3,3.5,4.0,7.67,1,68.0
1431,192,269,70,5,4.0,5.0,8.98,1,87.0
1432,476,300,116,3,3.5,2.5,7.88,0,59.0
1433,173,322,107,4,4.0,3.68,9.45,1,86.0
1434,124,308,108,3,3.5,3.5,8.22,0,61.0
1435,461,319,97,4,0.41,4.5,8.66,1,77.0
1436,347,303,106,1,1.12,1.24,7.36,0,45.98
1437,39,306,105,1,3.98,2.75,7.7,0,50.02
1438,99,270,108,4,5.0,4.5,9.24,1,90.0
1439,378,290,120,1,1.5,2.0,7.56,0,47.0
1440,131,272,114,5,4.0,0.89,9.76,1,
1441,24,334,107,5,2.29,4.5,9.7,1,95.0
1442,176,307,117,4,4.5,3.5,9.52,1,85.0
1443,379,291,98,2,2.06,3.98,7.59,0,43.62
1444,97,287,98,2,3.0,3.0,8.0,0,48.0
1445,371,310,105,2,2.5,0.83,8.24,0,72.0
1446,420,302,100,3,2.27,3.9,7.47,0,47.06
1447,384,300,100,3,3.0,3.5,8.26,0,62.0
1448,202,267,89,2,3.5,3.0,8.41,1,72.0
1449,370,297,92,1,3.03,1.98,9.31,0,50.03
1450,369,298,117,1,4.97,2.0,7.88,0,51.0
1451,447,322,112,4,3.64,4.75,9.06,1,86.71
1452,347,297,69,1,1.17,1.33,7.34,0,44.52
1453,388,307,105,2,0.94,3.5,8.23,0,53.0
1454,79,294,93,1,1.92,2.0,7.41,0,45.0
1455,450,315,93,3,3.5,4.5,9.13,0,79.0
1456,257,309,99,3,4.0,1.22,8.56,0,76.0
1457,16,323,70,2,0.62,3.71,8.36,1,50.5
1458,280,304,102,2,3.0,4.0,8.73,0,67.0
1459,96,304,118,4,1.5,2.5,7.84,0,42.0
1460,391,314,73,2,0.07,2.5,8.24,0,64.0
1461,170,311,99,2,2.5,3.0,7.98,0,65.0
1462,319,274,106,1,1.19,1.19,7.45,0,45.58
1463,470,326,114,4,4.0,3.7,9.16,1,86.0
1464,105,326,94,3,3.5,3.0,9.05,1,74.0
1465,374,293,109,3,3.0,3.0,8.54,1,79.0
1466,41,310,74,2,2.9,2.87,8.05,1,47.5
1467,429,316,103,2,2.0,4.51,8.74,0,69.0
1468,28,297,97,1,4.5,1.78,7.49,0,45.01
1469,337,331,74,4,4.92,0.45,9.44,1,88.16
1470,348,299,120,1,4.13,1.0,7.92,0,42.0
1471,187,317,107,3,3.5,3.0,8.68,1,84.0
1472,251,281,99,3,3.0,4.02,8.57,1,74.0
1473,371,300,95,1,2.0,2.2,7.79,0,44.55
1474,174,301,73,4,4.0,0.22,9.0,1,86.5
1475,171,312,94,2,1.59,1.56,8.04,1,68.0
1476,347,298,94,1,1.03,1.07,6.62,0,45.02
1477,22,325,78,4,3.0,2.0,8.4,0,70.0
1478,48,321,110,3,3.88,4.75,7.38,1,84.89
1479,95,303,99,3,1.52,2.5,7.83,0,39.03
1480,325,315,104,3,3.0,2.5,8.33,0,67.0
1481,204,334,120,5,4.0,0.61,9.87,1,97.0
1482,85,340,112,5,4.5,4.5,9.45,1,94.0
1483,258,324,100,3,4.0,5.0,8.64,1,78.0
1484,160,297,105,1,4.4,2.16,7.83,0,52.5
1485,114,298,92,2,3.0,3.39,7.44,0,47.5
1486,213,338,120,4,5.0,5.0,9.66,1,95.0
1487,399,312,103,3,2.38,3.22,8.74,0,67.0
1488,92,299,79,3,5.0,1.06,7.66,0,38.0
1489,77,263,118,3,3.0,3.0,8.72,1,74.0
1490,431,299,104,3,4.0,1.81,8.13,1,74.0
1491,347,301,111,1,3.31,1.14,7.35,0,45.53
1492,144,340,71,4,4.5,4.0,9.92,1,97.0
1493,292,300,87,2,1.5,2.0,7.87,0,56.0
1494,58,298,104,2,2.66,2.0,7.6,0,46.0
1495,9,270,102,1,2.0,1.5,8.0,0,50.0
1496,258,324,100,3,4.88,5.0,8.64,1,78.0
1497,40,301,105,1,2.72,2.06,7.59,0,50.5
1498,92,299,97,3,4.62,3.38,9.63,0,38.46
1499,376,304,112,2,2.0,2.5,7.66,0,
1500,12,327,102,4,3.22,4.04,9.0,1,84.0
1501,122,290,103,3,1.95,2.45,7.5,0,48.52
1502,389,296,97,2,1.59,2.0,7.8,0,49.0
1503,336,325,116,4,1.71,4.5,9.11,1,83.0
1504,274,312,102,1,1.0,3.63,9.86,1,52.0
1505,94,300,107,2,2.96,2.74,7.84,0,35.0
1506,92,299,88,3,4.71,3.4,7.66,0,37.0
1507,28,297,120,1,1.52,2.48,7.49,0,45.0
1508,28,298,98,2,1.5,3.45,7.5,1,44.0
1509,463,297,83,1,4.81,0.64,7.28,0,41.59
1510,129,326,112,3,1.5,3.0,9.1,1,84.0
1511,448,267,108,2,2.35,1.03,6.44,0,49.08
1512,29,295,110,1,2.0,1.04,7.2,0,46.0
1513,255,321,114,4,4.0,5.0,9.12,0,85.0
1514,400,300,71,2,0.69,1.1,7.56,0,50.5
1515,424,334,104,5,4.5,5.0,9.54,1,94.0
1516,21,312,69,3,3.13,3.93,7.9,1,64.0
1517,348,299,94,1,1.0,1.0,7.34,0,42.0
1518,152,332,101,5,5.0,3.54,9.33,1,
1519,245,314,107,2,2.5,3.99,8.56,0,63.0
1520,420,308,76,2,0.62,3.5,7.98,1,
1521,74,314,108,4,2.57,1.16,9.04,1,84.0
1522,79,296,95,2,3.0,2.0,7.54,1,44.0
1523,267,312,103,2,2.0,2.5,6.51,0,72.0
1524,393,326,114,4,4.0,2.33,7.04,1,84.0
1525,406,302,101,3,4.55,4.23,7.45,0,52.0
1526,446,328,116,5,4.5,5.0,9.08,1,
1527,424,334,86,5,4.5,5.0,9.54,1,94.0
1528,94,262,97,2,2.86,4.91,9.31,0,40.02
1529,191,324,111,5,4.5,4.0,9.16,1,90.0
1530,314,308,100,3,1.87,2.77,6.4,0,67.0
1531,91,281,75,2,4.92,3.44,7.66,0,41.03
1532,95,303,99,3,2.0,3.97,7.66,0,54.0
1533,246,328,116,4,3.03,0.22,9.02,1,81.0
1534,100,323,100,3,4.0,1.36,8.88,1,79.0
1535,330,297,94,1,4.54,3.05,7.41,0,45.53
1536,449,312,109,2,2.5,4.0,9.55,0,80.0
1537,348,299,94,1,1.0,1.54,7.62,0,42.0
1538,377,297,84,2,1.91,2.08,7.46,0,40.1
1539,217,322,95,4,4.44,4.04,9.13,1,
1540,116,310,83,4,0.45,3.84,6.61,1,66.0
1541,347,302,95,1,1.33,4.13,7.89,0,44.53
1542,73,321,83,5,5.0,3.73,9.45,1,93.0
1543,29,290,99,2,1.88,2.65,7.53,0,46.02
1544,66,285,112,4,3.5,3.5,8.92,0,55.0
1545,60,308,79,2,3.02,2.96,8.11,0,46.35
1546,320,296,95,1,2.33,1.28,7.85,0,46.03
1547,432,271,105,2,2.0,4.38,7.57,0,46.53
1548,175,287,112,4,4.0,4.0,8.97,1,87.0
1549,88,317,107,2,1.0,3.0,8.28,0,66.0
1550,93,298,102,2,4.0,3.0,8.25,0,34.0
1551,377,297,69,2,3.47,2.08,9.29,0,40.1
1552,404,330,112,4,1.12,4.54,9.23,1,91.0
1553,315,305,105,2,3.97,4.0,8.13,0,66.0
1554,220,312,104,3,3.5,1.71,8.42,0,74.0
1555,187,317,107,3,3.5,3.0,8.68,1,84.0
1556,463,307,105,4,3.0,3.0,8.57,0,62.0
1557,54,324,85,4,4.0,0.9,8.1,1,72.0
1558,185,260,102,2,2.5,2.91,8.32,0,72.0
1559,278,306,101,2,2.5,0.32,8.62,0,70.0
1560,173,322,110,4,4.0,4.94,9.14,1,87.47
1561,101,322,115,3,3.97,3.5,8.46,1,71.0
1562,378,272,103,1,1.67,2.0,7.55,0,44.15
1563,441,286,103,1,4.31,1.5,7.78,0,45.41
1564,114,298,99,2,3.0,3.76,7.44,0,47.5
1565,274,312,77,1,1.0,1.71,8.01,1,52.0
1566,149,292,99,1,2.65,2.91,6.63,0,47.54
1567,102,312,105,2,4.41,3.0,8.37,0,64.0
1568,371,310,71,2,2.5,3.89,8.24,0,72.0
